molecule_a,molecule_b,tanimoto,label_a,label_b,endpoint
ONJQDTZCDSESIW-UHFFFAOYSA-N,UPGSWASWQBLSKZ-UHFFFAOYSA-N,0.95,1.0,0.0,SR-ARE
ONJQDTZCDSESIW-UHFFFAOYSA-N,GZMAAYIALGURDQ-UHFFFAOYSA-N,1.0,1.0,0.0,SR-ARE
ONJQDTZCDSESIW-UHFFFAOYSA-N,ICIDSZQHPUZUHC-UHFFFAOYSA-N,0.95,1.0,0.0,SR-ARE
ONJQDTZCDSESIW-UHFFFAOYSA-N,SFNALCNOMXIBKG-UHFFFAOYSA-N,0.95,1.0,0.0,SR-ARE
XFRVVPUIAFSTFO-UHFFFAOYSA-N,BXWNKGSJHAJOGX-UHFFFAOYSA-N,1.0,0.0,1.0,SR-ARE
REIUXOLGHVXAEO-UHFFFAOYSA-N,BXWNKGSJHAJOGX-UHFFFAOYSA-N,1.0,0.0,1.0,SR-ARE
SNGREZUHAYWORS-UHFFFAOYSA-N,PXUULQAPEKKVAH-UHFFFAOYSA-N,1.0,1.0,0.0,SR-ARE
IMNFDUFMRHMDMM-UHFFFAOYSA-N,DIOQZVSQGTUSAI-UHFFFAOYSA-N,1.0,0.0,1.0,SR-ARE
KEQFTVQCIQJIQW-UHFFFAOYSA-N,VETPHHXZEJAYOB-UHFFFAOYSA-N,0.9047619047619048,1.0,0.0,SR-ARE
LTHJXDSHSVNJKG-UHFFFAOYSA-N,XFCMNSHQOZQILR-UHFFFAOYSA-N,1.0,1.0,0.0,SR-ARE
LTHJXDSHSVNJKG-UHFFFAOYSA-N,HWSSEYVMGDIFMH-UHFFFAOYSA-N,1.0,1.0,0.0,SR-ARE
LTHJXDSHSVNJKG-UHFFFAOYSA-N,STVZJERGLQHEKB-UHFFFAOYSA-N,0.85,1.0,0.0,SR-ARE
UZUFPBIDKMEQEQ-UHFFFAOYSA-N,PXUULQAPEKKVAH-UHFFFAOYSA-N,1.0,1.0,0.0,SR-ARE
DWRKFAJEBUWTQM-UHFFFAOYSA-N,STJLVHWMYQXCPB-UHFFFAOYSA-N,0.8653846153846154,0.0,1.0,SR-ARE
JHIVVAPYMSGYDF-UHFFFAOYSA-N,SXVPOSFURRDKBO-UHFFFAOYSA-N,1.0,0.0,1.0,SR-ARE
BFSVOASYOCHEOV-UHFFFAOYSA-N,AKNUHUCEWALCOI-UHFFFAOYSA-N,0.8666666666666667,0.0,1.0,SR-ARE
MWKFXSUHUHTGQN-UHFFFAOYSA-N,BXWNKGSJHAJOGX-UHFFFAOYSA-N,1.0,0.0,1.0,SR-ARE
BKIMMITUMNQMOS-UHFFFAOYSA-N,DIOQZVSQGTUSAI-UHFFFAOYSA-N,1.0,0.0,1.0,SR-ARE
YNPNZTXNASCQKK-UHFFFAOYSA-N,WDECIBYCCFPHNR-UHFFFAOYSA-N,0.8571428571428571,0.0,1.0,SR-ARE
TVMXDCGIABBOFY-UHFFFAOYSA-N,DIOQZVSQGTUSAI-UHFFFAOYSA-N,1.0,0.0,1.0,SR-ARE
HIGQPQRQIQDZMP-DHZHZOJOSA-N,ZGIGZINMAOQWLX-NCZFFCEISA-N,0.9285714285714286,0.0,1.0,SR-ARE
IBODDUNKEPPBKW-UHFFFAOYSA-N,ULTHEAFYOOPTTB-UHFFFAOYSA-N,0.875,0.0,1.0,SR-ARE
BBMCTIGTTCKYKF-UHFFFAOYSA-N,BXWNKGSJHAJOGX-UHFFFAOYSA-N,1.0,0.0,1.0,SR-ARE
OSOIQJGOYGSIMF-UHFFFAOYSA-N,SXVPOSFURRDKBO-UHFFFAOYSA-N,1.0,0.0,1.0,SR-ARE
IIYFAKIEWZDVMP-UHFFFAOYSA-N,DIOQZVSQGTUSAI-UHFFFAOYSA-N,1.0,0.0,1.0,SR-ARE
LQZZUXJYWNFBMV-UHFFFAOYSA-N,BXWNKGSJHAJOGX-UHFFFAOYSA-N,1.0,0.0,1.0,SR-ARE
KBPLFHHGFOOTCA-UHFFFAOYSA-N,BXWNKGSJHAJOGX-UHFFFAOYSA-N,1.0,0.0,1.0,SR-ARE
UUMLTINZBQPNGF-UHFFFAOYSA-N,NTHXOOBQLCIOLC-UHFFFAOYSA-N,0.8837209302325582,1.0,0.0,SR-ARE
GLDOVTGHNKAZLK-UHFFFAOYSA-N,BXWNKGSJHAJOGX-UHFFFAOYSA-N,1.0,0.0,1.0,SR-ARE
DIOQZVSQGTUSAI-UHFFFAOYSA-N,VLKZOEOYAKHREP-UHFFFAOYSA-N,0.875,1.0,0.0,SR-ARE
DIOQZVSQGTUSAI-UHFFFAOYSA-N,NDJKXXJCMXVBJW-UHFFFAOYSA-N,1.0,1.0,0.0,SR-ARE
DIOQZVSQGTUSAI-UHFFFAOYSA-N,YCOZIPAWZNQLMR-UHFFFAOYSA-N,1.0,1.0,0.0,SR-ARE
DIOQZVSQGTUSAI-UHFFFAOYSA-N,SNRUBQQJIBEYMU-UHFFFAOYSA-N,1.0,1.0,0.0,SR-ARE
DIOQZVSQGTUSAI-UHFFFAOYSA-N,RSJKGSCJYJTIGS-UHFFFAOYSA-N,1.0,1.0,0.0,SR-ARE
DIOQZVSQGTUSAI-UHFFFAOYSA-N,BGHCVCJVXZWKCC-UHFFFAOYSA-N,1.0,1.0,0.0,SR-ARE
HLZKNKRTKFSKGZ-UHFFFAOYSA-N,BXWNKGSJHAJOGX-UHFFFAOYSA-N,1.0,0.0,1.0,SR-ARE
SXVPOSFURRDKBO-UHFFFAOYSA-N,BGTOWKSIORTVQH-UHFFFAOYSA-N,0.9090909090909091,1.0,0.0,SR-ARE
ZWBAMYVPMDSJGQ-UHFFFAOYSA-N,PXUULQAPEKKVAH-UHFFFAOYSA-N,1.0,1.0,0.0,SR-ARE
HFHDHCJBZVLPGP-RWMJIURBSA-N,GDSRMADSINPKSL-HSEONFRVSA-N,1.0,1.0,0.0,SR-ARE
HFHDHCJBZVLPGP-RWMJIURBSA-N,WHGYBXFWUBPSRW-FOUAGVGXSA-N,1.0,1.0,0.0,SR-ARE
ZWRUINPWMLAQRD-UHFFFAOYSA-N,BXWNKGSJHAJOGX-UHFFFAOYSA-N,1.0,0.0,1.0,SR-ARE
AMQJEAYHLZJPGS-UHFFFAOYSA-N,BXWNKGSJHAJOGX-UHFFFAOYSA-N,0.9230769230769231,0.0,1.0,SR-ARE
RIKCMEDSBFQFAL-UHFFFAOYSA-N,QFOHBWFCKVYLES-UHFFFAOYSA-N,0.8666666666666667,0.0,1.0,SR-ARE
BXWNKGSJHAJOGX-UHFFFAOYSA-N,ZSIAUFGUXNUGDI-UHFFFAOYSA-N,1.0,1.0,0.0,SR-ARE
BXWNKGSJHAJOGX-UHFFFAOYSA-N,KJIOQYGWTQBHNH-UHFFFAOYSA-N,1.0,1.0,0.0,SR-ARE
ZTJORNVITHUQJA-UHFFFAOYSA-N,QFOHBWFCKVYLES-UHFFFAOYSA-N,0.8666666666666667,0.0,1.0,SR-ARE
QPCDCPDFJACHGM-UHFFFAOYSA-N,KCXVZYZYPLLWCC-UHFFFAOYSA-N,0.9333333333333333,1.0,0.0,SR-ATAD5
DJRKHTCUXRGYEU-UHFFFAOYSA-N,UBRIHZOFEJHMIT-UHFFFAOYSA-N,0.875,1.0,0.0,SR-ATAD5
MBNSKHJDYXPONL-UHFFFAOYSA-N,QFOHBWFCKVYLES-UHFFFAOYSA-N,0.8666666666666667,0.0,1.0,SR-ATAD5
MBNSKHJDYXPONL-UHFFFAOYSA-N,ZNSSPLQZSUWFJT-UHFFFAOYSA-N,0.9655172413793104,0.0,1.0,SR-ATAD5
MBNSKHJDYXPONL-UHFFFAOYSA-N,ULULAZKOCFNOIM-UHFFFAOYSA-N,1.0,0.0,1.0,SR-ATAD5
QFOHBWFCKVYLES-UHFFFAOYSA-N,ZTJORNVITHUQJA-UHFFFAOYSA-N,0.8666666666666667,1.0,0.0,SR-ATAD5
QFOHBWFCKVYLES-UHFFFAOYSA-N,RIKCMEDSBFQFAL-UHFFFAOYSA-N,0.8666666666666667,1.0,0.0,SR-ATAD5
QFOHBWFCKVYLES-UHFFFAOYSA-N,BAYSQTBAJQRACX-UHFFFAOYSA-N,0.8666666666666667,1.0,0.0,SR-ATAD5
ZTJORNVITHUQJA-UHFFFAOYSA-N,ZNSSPLQZSUWFJT-UHFFFAOYSA-N,0.9655172413793104,0.0,1.0,SR-ATAD5
ZTJORNVITHUQJA-UHFFFAOYSA-N,ULULAZKOCFNOIM-UHFFFAOYSA-N,1.0,0.0,1.0,SR-ATAD5
ZNSSPLQZSUWFJT-UHFFFAOYSA-N,RIKCMEDSBFQFAL-UHFFFAOYSA-N,0.9655172413793104,1.0,0.0,SR-ATAD5
ZNSSPLQZSUWFJT-UHFFFAOYSA-N,BAYSQTBAJQRACX-UHFFFAOYSA-N,0.9655172413793104,1.0,0.0,SR-ATAD5
KEQFTVQCIQJIQW-UHFFFAOYSA-N,VETPHHXZEJAYOB-UHFFFAOYSA-N,0.9047619047619048,1.0,0.0,SR-ATAD5
RIKCMEDSBFQFAL-UHFFFAOYSA-N,ULULAZKOCFNOIM-UHFFFAOYSA-N,1.0,0.0,1.0,SR-ATAD5
ULULAZKOCFNOIM-UHFFFAOYSA-N,BAYSQTBAJQRACX-UHFFFAOYSA-N,1.0,1.0,0.0,SR-ATAD5
XJKSTNDFUHDPQJ-UHFFFAOYSA-N,ZUOUZKKEUPVFJK-UHFFFAOYSA-N,0.9,1.0,0.0,SR-ATAD5
LDVVBLGHGCHZBJ-UHFFFAOYSA-N,RVEJOWGVUQQIIZ-UHFFFAOYSA-N,1.0,1.0,0.0,SR-MMP
SXVPOSFURRDKBO-UHFFFAOYSA-N,OSOIQJGOYGSIMF-UHFFFAOYSA-N,1.0,0.0,1.0,SR-MMP
WTFXJFJYEJZMFO-UHFFFAOYSA-N,XDRYMKDFEDOLFX-UHFFFAOYSA-N,0.88,0.0,1.0,SR-MMP
RVEJOWGVUQQIIZ-UHFFFAOYSA-N,ILQHIGIKULUQFQ-UHFFFAOYSA-N,1.0,0.0,1.0,SR-MMP
RVEJOWGVUQQIIZ-UHFFFAOYSA-N,DCLKMMFVIGOXQN-UHFFFAOYSA-N,1.0,0.0,1.0,SR-MMP
RVEJOWGVUQQIIZ-UHFFFAOYSA-N,WXMVWUBWIHZLMQ-UHFFFAOYSA-N,1.0,0.0,1.0,SR-MMP
RVEJOWGVUQQIIZ-UHFFFAOYSA-N,BMKLRPQTYXVGNK-UHFFFAOYSA-N,1.0,0.0,1.0,SR-MMP
SIHFYNZIBKOFFK-UHFFFAOYSA-N,AMKUSFIBHAUBIJ-UHFFFAOYSA-N,1.0,1.0,0.0,SR-MMP
VICYBMUVWHJEFT-UHFFFAOYSA-N,GLFDLEXFOHUASB-UHFFFAOYSA-N,1.0,0.0,1.0,SR-MMP
VICYBMUVWHJEFT-UHFFFAOYSA-N,RLGQACBPNDBWTB-UHFFFAOYSA-N,1.0,0.0,1.0,SR-MMP
JLYXXMFPNIAWKQ-SHFUYGGZSA-N,JLYXXMFPNIAWKQ-CDRYSYESSA-N,1.0,1.0,0.0,SR-MMP
HPXRVTGHNJAIIH-UHFFFAOYSA-N,SFVWPXMPRCIVOK-UHFFFAOYSA-N,1.0,0.0,1.0,SR-MMP
JHIVVAPYMSGYDF-UHFFFAOYSA-N,OSOIQJGOYGSIMF-UHFFFAOYSA-N,1.0,0.0,1.0,SR-MMP
SFVWPXMPRCIVOK-UHFFFAOYSA-N,XCIXKGXIYUWCLL-UHFFFAOYSA-N,0.9090909090909091,1.0,0.0,SR-MMP
VTIMKVIDORQQFA-UHFFFAOYSA-N,RWPICVVBGZBXNA-UHFFFAOYSA-N,0.8823529411764706,1.0,0.0,SR-MMP
LHRCREOYAASXPZ-UHFFFAOYSA-N,DXBHBZVCASKNBY-UHFFFAOYSA-N,0.8888888888888888,0.0,1.0,SR-MMP
RGOVYLWUIBMPGK-UHFFFAOYSA-N,OPZKBPQVWDSATI-KHPPLWFESA-N,0.8666666666666667,0.0,1.0,SR-MMP
OSOIQJGOYGSIMF-UHFFFAOYSA-N,BGTOWKSIORTVQH-UHFFFAOYSA-N,0.9090909090909091,1.0,0.0,SR-MMP
SIDINRCMMRKXGQ-UHFFFAOYSA-N,UZUFPBIDKMEQEQ-UHFFFAOYSA-N,1.0,0.0,1.0,SR-p53
PCIUEQPBYFRTEM-UHFFFAOYSA-N,UZUFPBIDKMEQEQ-UHFFFAOYSA-N,1.0,0.0,1.0,SR-p53
IYJMSDVSVHDVGT-PEQKVOOWSA-N,LTMHDMANZUZIPE-PUGKRICDSA-N,0.9113924050632911,0.0,1.0,SR-p53
ZWBAMYVPMDSJGQ-UHFFFAOYSA-N,UZUFPBIDKMEQEQ-UHFFFAOYSA-N,1.0,0.0,1.0,SR-p53
LHRCREOYAASXPZ-UHFFFAOYSA-N,DXBHBZVCASKNBY-UHFFFAOYSA-N,0.8888888888888888,1.0,0.0,SR-p53
SNGREZUHAYWORS-UHFFFAOYSA-N,UZUFPBIDKMEQEQ-UHFFFAOYSA-N,1.0,0.0,1.0,SR-p53
UZUFPBIDKMEQEQ-UHFFFAOYSA-N,PXUULQAPEKKVAH-UHFFFAOYSA-N,1.0,1.0,0.0,SR-p53
LVNDUJYMLJDECN-UHFFFAOYSA-N,MKARNSWMMBGSHX-UHFFFAOYSA-N,0.9230769230769231,0.0,1.0,ames_mutagenicity
MTHSVFCYNBDYFN-UHFFFAOYSA-N,ZIBGPFATKBEMQZ-UHFFFAOYSA-N,0.9090909090909091,0.0,1.0,ames_mutagenicity
AGJGKJUQUHGXAD-UHFFFAOYSA-N,NZUXZRQDALAVFF-UHFFFAOYSA-N,0.85,0.0,1.0,ames_mutagenicity
KEBNCTLOOPZUKN-UHFFFAOYSA-N,QGQILXBVXCHHOM-UHFFFAOYSA-N,0.8857142857142857,1.0,0.0,ames_mutagenicity
RRQYJINTUHWNHW-UHFFFAOYSA-N,LZDKZFUFMNSQCJ-UHFFFAOYSA-N,0.9090909090909091,0.0,1.0,ames_mutagenicity
FKTKBFVVAFESPW-UHFFFAOYSA-N,QWENODQIHKWVQV-UHFFFAOYSA-N,0.85,1.0,0.0,ames_mutagenicity
VLJLXEKIAALSJE-UHFFFAOYSA-N,ZWAJLVLEBYIOTI-UHFFFAOYSA-N,0.9166666666666666,0.0,1.0,ames_mutagenicity
QUKHXYOCZZVRPT-UHFFFAOYSA-N,XKMGFZSDQKZVAD-UHFFFAOYSA-N,0.8571428571428571,0.0,1.0,ames_mutagenicity
UTGQNNCQYDRXCH-UHFFFAOYSA-N,DMBHHRLKUKUOEG-UHFFFAOYSA-N,0.9230769230769231,1.0,0.0,ames_mutagenicity
RZVHIXYEVGDQDX-UHFFFAOYSA-N,YLQWCDOCJODRMT-UHFFFAOYSA-N,0.9230769230769231,1.0,0.0,ames_mutagenicity
JKCATVQPENLMQJ-UHFFFAOYSA-N,IFCBMPOMNSORDG-UHFFFAOYSA-N,0.8947368421052632,0.0,1.0,ames_mutagenicity
SKXCLBMELDCBLB-UHFFFAOYSA-N,KTBMNVXAXVLZKK-UHFFFAOYSA-N,0.86,1.0,0.0,ames_mutagenicity
SBZXBUIDTXKZTM-UHFFFAOYSA-N,YFNKIDBQEZZDLK-UHFFFAOYSA-N,1.0,0.0,1.0,ames_mutagenicity
GUZQAKDCZSMXGS-UHFFFAOYSA-N,KTBMNVXAXVLZKK-UHFFFAOYSA-N,0.9130434782608695,1.0,0.0,ames_mutagenicity
OVVJZWNHLPSJOT-UHFFFAOYSA-N,PWYBEZFEEJBETN-UHFFFAOYSA-N,1.0,0.0,1.0,ames_mutagenicity
MJYUMWOKEJNYEM-FMIVXFBMSA-N,CUYJTAUCYGHYLW-KPKJPENVSA-N,0.8823529411764706,1.0,0.0,ames_mutagenicity
HMRCUZKZSWJZCY-UHFFFAOYSA-N,UDBRORAOPVVTME-UHFFFAOYSA-N,1.0,1.0,0.0,ames_mutagenicity
VYZCFAPUHSSYCC-UHFFFAOYSA-N,VRLPHBSFRWMMPW-UHFFFAOYSA-N,0.8571428571428571,0.0,1.0,ames_mutagenicity
KEQFTVQCIQJIQW-UHFFFAOYSA-N,VETPHHXZEJAYOB-UHFFFAOYSA-N,0.9047619047619048,0.0,1.0,ames_mutagenicity
HFACYLZERDEVSX-UHFFFAOYSA-N,JZIAOTUERDUSJC-UHFFFAOYSA-N,1.0,1.0,0.0,ames_mutagenicity
GAMOPGGZIQWBEM-UHFFFAOYSA-N,OJNVQVXKXBOSSW-UHFFFAOYSA-N,0.8787878787878788,0.0,1.0,ames_mutagenicity
MLBDNMLMTHXYQX-UHFFFAOYSA-N,FLEWLXKAEGLVCO-UHFFFAOYSA-N,0.8846153846153846,1.0,0.0,ames_mutagenicity
VMSIYTPWZLSMOH-HNNXBMFYSA-N,JPEGUDKOYOIOOP-VIFPVBQESA-N,1.0,0.0,1.0,ames_mutagenicity
RPNUMPOLZDHAAY-UHFFFAOYSA-N,VILCJCGEZXAXTO-UHFFFAOYSA-N,0.9090909090909091,0.0,1.0,ames_mutagenicity
RPNUMPOLZDHAAY-UHFFFAOYSA-N,FAGUFWYHJQFNRV-UHFFFAOYSA-N,0.9090909090909091,0.0,1.0,ames_mutagenicity
RPNUMPOLZDHAAY-UHFFFAOYSA-N,LSHROXHEILXKHM-UHFFFAOYSA-N,0.9090909090909091,0.0,1.0,ames_mutagenicity
OENHQHLEOONYIE-JLTXGRSLSA-N,DFMMVLFMMAQXHZ-DOKBYWHISA-N,0.868421052631579,1.0,0.0,ames_mutagenicity
NQRLPDFELNCFHW-UHFFFAOYSA-N,TVTYZKKMZDWSGM-UHFFFAOYSA-N,0.8928571428571429,0.0,1.0,ames_mutagenicity
CEGMAHGFHZKAKC-UDWIEESQSA-N,QYXWWPPWWKUXIF-YBFXNURJSA-N,0.851063829787234,0.0,1.0,ames_mutagenicity
XHUCGUZYMJDQMH-UHFFFAOYSA-N,JSNXRAUQMWIZHM-UHFFFAOYSA-N,0.8709677419354839,1.0,0.0,ames_mutagenicity
BZGCNHUWISZVPK-UHFFFAOYSA-N,UBAQDYYJIKENDK-UHFFFAOYSA-N,0.88,0.0,1.0,ames_mutagenicity
BZGCNHUWISZVPK-UHFFFAOYSA-N,BEDXVQSNPCSGHA-UHFFFAOYSA-N,0.8846153846153846,0.0,1.0,ames_mutagenicity
CPLRXCSJNHIVBJ-UHFFFAOYSA-N,OLIREEQLDRWVHQ-UHFFFAOYSA-N,0.9090909090909091,0.0,1.0,ames_mutagenicity
QBSMHWVGUPQNJJ-UHFFFAOYSA-N,JZIAOTUERDUSJC-UHFFFAOYSA-N,1.0,1.0,0.0,ames_mutagenicity
YYGRIGYJXSQDQB-UHFFFAOYSA-N,DXBHBZVCASKNBY-UHFFFAOYSA-N,0.9,0.0,1.0,ames_mutagenicity
MELPJGOMEMRMPL-UHFFFAOYSA-N,ZWAJLVLEBYIOTI-UHFFFAOYSA-N,0.9166666666666666,0.0,1.0,ames_mutagenicity
JPEGUDKOYOIOOP-UHFFFAOYSA-N,VMSIYTPWZLSMOH-UHFFFAOYSA-N,1.0,1.0,0.0,ames_mutagenicity
RAQYRKOGKCJIAP-UHFFFAOYSA-N,HGJOQONKWSVYMB-UHFFFAOYSA-N,0.9302325581395349,0.0,1.0,ames_mutagenicity
WKACBUXBZNZZLC-UHFFFAOYSA-N,DTCDZJFAHXOXHY-UHFFFAOYSA-N,0.9583333333333334,1.0,0.0,ames_mutagenicity
KTBMNVXAXVLZKK-UHFFFAOYSA-N,QBHRVJNBKGTANH-UHFFFAOYSA-N,0.86,0.0,1.0,ames_mutagenicity
KEUDSEVKQLCNHV-LICLKQGHSA-N,JZILBASEJOVGQO-OEAKJJBVSA-N,0.8571428571428571,1.0,0.0,ames_mutagenicity
GDOFSSKHUKPELW-UHFFFAOYSA-N,IWQGPODHFRYDTL-UHFFFAOYSA-N,0.8648648648648649,1.0,0.0,herg_blockade
GDOFSSKHUKPELW-UHFFFAOYSA-N,YCVCMJDYPSNZTE-UHFFFAOYSA-N,0.8533333333333334,1.0,0.0,herg_blockade
VQYHTDATYUEUAC-YAWCOSQYSA-N,ZHEWFNDKFYBUDO-SGUQQXKUSA-N,0.8552631578947368,0.0,1.0,herg_blockade
SQSFWPVYWBTHEX-UHFFFAOYSA-N,GYZLMHZBYPNULH-UHFFFAOYSA-N,0.8636363636363636,1.0,0.0,herg_blockade
LZSBNYPDVQHPAO-VQHVLOKHSA-N,OCUGVNIZKXOPTO-VQHVLOKHSA-N,0.9333333333333333,1.0,0.0,herg_blockade
AEHATJSZWAWZQR-AQYVVDRMSA-N,AEHATJSZWAWZQR-GRGXKFILSA-N,1.0,0.0,1.0,herg_blockade
FKMYXQCCIDUXCG-UHFFFAOYSA-N,MZQWCIIFQKKAQS-UHFFFAOYSA-N,0.8695652173913043,1.0,0.0,herg_blockade
BGXXKJRUEAILQH-SFHVURJKSA-N,BGXXKJRUEAILQH-UHFFFAOYSA-N,0.9054054054054054,1.0,0.0,herg_blockade
DVTXANDPYZUJRD-LIONHTAISA-N,QETUKYDWZIRTEI-QUMGSSFMSA-N,0.881578947368421,1.0,0.0,herg_blockade
DFXJFEAHWLUMQK-XZOQPEGZSA-N,VWNBOOIWICWEPL-BJKOFHAPSA-N,0.9154929577464789,1.0,0.0,herg_blockade
NYJAEHSMFKSYTL-WEMJSJANSA-N,RQGMERBQAHFFKO-BJHZDCIISA-N,0.8611111111111112,0.0,1.0,herg_blockade
LSHIKKCNCJHIFH-UHFFFAOYSA-N,CQPCSTONSYLHIT-UHFFFAOYSA-N,0.85,0.0,1.0,herg_blockade
ACYSIZUFQATBIE-JPJDGNMPSA-N,FLTLUXCGVBUQLQ-TZLNSBNCSA-N,0.8928571428571429,0.0,1.0,herg_blockade
SDQZRJQWIQHIKN-UHFFFAOYSA-N,LKKIXTRVSFNACN-UHFFFAOYSA-N,0.891566265060241,1.0,0.0,herg_blockade
KOKMRCHGGOOAKB-UHFFFAOYSA-N,WGDQLOTYIWHCHS-UHFFFAOYSA-N,0.8823529411764706,0.0,1.0,herg_blockade
OCUGVNIZKXOPTO-VQHVLOKHSA-N,BHTGEWHBEIZLOP-VQHVLOKHSA-N,0.8666666666666667,0.0,1.0,herg_blockade
OCUGVNIZKXOPTO-VQHVLOKHSA-N,FHJQISPBEYPYDY-VQHVLOKHSA-N,0.9,0.0,1.0,herg_blockade
SJDGJJBCJRAOQW-UHFFFAOYSA-N,NOBSINPJDRJYCC-UHFFFAOYSA-N,0.9807692307692307,0.0,1.0,herg_blockade
GZUSVUQRHJTPRP-UHFFFAOYSA-N,QPZONUSLAYKZNN-UHFFFAOYSA-N,0.9032258064516129,1.0,0.0,herg_blockade
VYGLNPIKDOAMBL-UHFFFAOYSA-N,DXIJUOOAQKSDNE-UHFFFAOYSA-N,0.8571428571428571,1.0,0.0,herg_blockade
NIXGLUUBKBAMFX-UHFFFAOYSA-N,USOQNEJBIDGMCF-UHFFFAOYSA-N,0.9803921568627451,0.0,1.0,herg_blockade
FVPWVSLYNHVZAW-LSNLESRRSA-N,KODLQRCYGZOTLD-MGFGWZDJSA-N,0.8648648648648649,0.0,1.0,herg_blockade
FVPWVSLYNHVZAW-LSNLESRRSA-N,PUBORNZQLOKYKZ-LSNLESRRSA-N,0.863013698630137,0.0,1.0,herg_blockade
XVTZPWHNTXWCMM-QFIPXVFZSA-N,JDTCZRQCZFSKET-SFTDATJTSA-N,0.863013698630137,1.0,0.0,herg_blockade
BLMUTZYJPAPONW-UHFFFAOYSA-N,SZLKARMZUAFJQJ-UHFFFAOYSA-N,0.85,1.0,0.0,herg_blockade
DVTXANDPYZUJRD-UHFFFAOYSA-N,QETUKYDWZIRTEI-UHFFFAOYSA-N,0.8767123287671232,1.0,0.0,herg_blockade
DFJHHZAILUSFCZ-UHFFFAOYSA-N,DFJHHZAILUSFCZ-XMMPIXPASA-N,0.8524590163934426,1.0,0.0,herg_blockade
DFJHHZAILUSFCZ-UHFFFAOYSA-N,DFJHHZAILUSFCZ-DEOSSOPVSA-N,0.8524590163934426,1.0,0.0,herg_blockade
YUEGLCQPVJBWJR-UHFFFAOYSA-N,YQCCGONOJRNVPI-UHFFFAOYSA-N,0.8548387096774194,1.0,0.0,herg_blockade
XKBGQXMBRCPCCL-UHFFFAOYSA-N,VISZXWKIWZTHGH-UHFFFAOYSA-N,0.8620689655172413,1.0,0.0,herg_blockade
FFHBRHCAYNKEBM-UHFFFAOYSA-N,VKTPKSCHNKUPDR-UHFFFAOYSA-N,0.8787878787878788,1.0,0.0,herg_blockade
FFHBRHCAYNKEBM-UHFFFAOYSA-N,HUZRXZVIBUNCKL-UHFFFAOYSA-N,0.8787878787878788,1.0,0.0,herg_blockade
FFHBRHCAYNKEBM-UHFFFAOYSA-N,QQURUBZIWQUADK-UHFFFAOYSA-N,0.9508196721311475,1.0,0.0,herg_blockade
NMFHKIRUHWFKKA-UHFFFAOYSA-N,LTSBRJXQVVZDJZ-UHFFFAOYSA-N,0.85,0.0,1.0,herg_blockade
ZVHIYNJZANDKEG-UHFFFAOYSA-N,ZFMRDRXPXZUHDB-UHFFFAOYSA-N,0.85,0.0,1.0,herg_blockade
QBNGVEBGOIDQEP-JXFKEZNVSA-N,QBNGVEBGOIDQEP-OXJNMPFZSA-N,0.8666666666666667,1.0,0.0,herg_blockade
DJPAKBMZZYZGIM-GFCCVEGCSA-N,XLBVREOEQLOFGF-CYBMUJFWSA-N,0.8656716417910447,0.0,1.0,herg_blockade
JVBGFQFFBPVDIF-QGZVFWFLSA-N,HFMINNRJWTYEAA-HXUWFJFHSA-N,0.8571428571428571,1.0,0.0,herg_blockade
BKKKDPHEAHYCEP-DFZDUAMZSA-N,QTMUIOFRNWYQBV-RGODFAACSA-N,0.8732394366197183,1.0,0.0,herg_blockade
XXWFSNOROXVFAO-UHFFFAOYSA-N,JYULPTUAHQIXEE-UHFFFAOYSA-N,0.8571428571428571,1.0,0.0,herg_blockade
NZDIBDNGFSKVTN-UHFFFAOYSA-N,NOBSINPJDRJYCC-UHFFFAOYSA-N,0.9807692307692307,0.0,1.0,herg_blockade
PQAMCOCBWGNJOS-UHFFFAOYSA-N,YMXQLZMDAPPYKA-UHFFFAOYSA-N,0.8615384615384616,1.0,0.0,herg_blockade
FMROLDYZPAJDIZ-UHFFFAOYSA-N,ITCCUUDZMVHYGN-UHFFFAOYSA-N,0.859375,1.0,0.0,herg_blockade
PNWDQZAYKCIQKW-IBGZPJMESA-N,HXZFVRVFLVJAIU-FQEVSTJZSA-N,0.9193548387096774,0.0,1.0,herg_blockade
QBYYFLZCKXHEJS-UHFFFAOYSA-N,QQZPUNRRFIGWLK-UHFFFAOYSA-N,0.85,1.0,0.0,herg_blockade
QBYYFLZCKXHEJS-UHFFFAOYSA-N,HXYLVVVEGCWIII-UHFFFAOYSA-N,0.864406779661017,1.0,0.0,herg_blockade
ZMCNDHKXQWQHCC-VVONHTQRSA-N,PIINFVJVFRCBPD-CIEDQVTBSA-N,0.859375,1.0,0.0,herg_blockade
CMRWSKARFINBQJ-UHFFFAOYSA-N,SQWOELHNEXCBOD-UHFFFAOYSA-N,0.8769230769230769,1.0,0.0,herg_blockade
LMQOZGSVTQQPFU-LRDDRELGSA-N,LMQOZGSVTQQPFU-WBMJQRKESA-N,0.8666666666666667,1.0,0.0,herg_blockade
FUWJHMHDKQKGCZ-UHFFFAOYSA-N,GTHLYJPWZLZDPE-UHFFFAOYSA-N,0.9310344827586207,0.0,1.0,herg_blockade
FUWJHMHDKQKGCZ-UHFFFAOYSA-N,RVBJTTMGDQOZRW-UHFFFAOYSA-N,0.9310344827586207,0.0,1.0,herg_blockade
FUWJHMHDKQKGCZ-UHFFFAOYSA-N,BVEQYIGPZVYYSV-UHFFFAOYSA-N,0.9473684210526315,0.0,1.0,herg_blockade
MDTAKMHHAHITNR-ONPYCXCXSA-N,CAGZIBHOJDZLGX-WUSDWFAZSA-N,0.92,0.0,1.0,herg_blockade
MDTAKMHHAHITNR-ONPYCXCXSA-N,SESNYPNPIJXNNP-DSYZROQBSA-N,0.8947368421052632,0.0,1.0,herg_blockade
WEEBXSDEOQNZPK-NLFFAJNJSA-N,FXIOLEMXUYMYEG-NLFFAJNJSA-N,0.9014084507042254,1.0,0.0,herg_blockade
YKCXEFNZNYQXHC-ZUKKLESISA-N,XYRCXXGEWXZMCD-NEEKEDPPSA-N,0.963855421686747,1.0,0.0,herg_blockade
VWVXJUWUORALDD-RMRAGHIBSA-N,BYGHXMKCHHHFAS-OKDHIVPSSA-N,0.8809523809523809,0.0,1.0,herg_blockade
OXZKVOKBUMLJAE-XDLFFZBGSA-N,MDTAKMHHAHITNR-RXUZIWOSSA-N,0.8607594936708861,1.0,0.0,herg_blockade
FYJDUABSMKOHTB-ZJGIAAPESA-N,LVPHHNAIQIAGFF-USOMCTOXSA-N,0.8813559322033898,0.0,1.0,herg_blockade
FMGHAHWYQIMECX-KDVJIWFNSA-N,ZHEWFNDKFYBUDO-SGUQQXKUSA-N,0.8571428571428571,0.0,1.0,herg_blockade
BMZVUMSBUURNOU-OAQYLSRUSA-N,HPUWDQDUZQWGIJ-HXUWFJFHSA-N,0.8648648648648649,0.0,1.0,herg_blockade
PTAZTAQXCREXPY-GOSISDBHSA-N,ADRZQEOBUFIYAZ-LJQANCHMSA-N,0.8958333333333334,1.0,0.0,herg_blockade
PBFIXCPNDGGMRZ-NZQKXSOJSA-N,JBNBAFROSOFGEI-XUZZJYLKSA-N,0.8536585365853658,1.0,0.0,herg_blockade
PBFIXCPNDGGMRZ-NZQKXSOJSA-N,SDDYPSFGXCNMIG-WIOPSUGQSA-N,0.8536585365853658,1.0,0.0,herg_blockade
GSASYNLMWPJCFM-VVOJOOEHSA-N,NMRHWRNUJPVSFE-LBZQVFOQSA-N,0.8813559322033898,0.0,1.0,herg_blockade
GSASYNLMWPJCFM-VVOJOOEHSA-N,VJYPOQFOBLLZGR-OQIWPSSASA-N,0.8524590163934426,0.0,1.0,herg_blockade
OJERHTYXNSEIQQ-UHFFFAOYSA-N,DNHRQMMBAAKVNY-UHFFFAOYSA-N,0.8591549295774648,0.0,1.0,herg_blockade
OUQIHZQQYQPARR-HNNXBMFYSA-N,FGTRDYXFZBKEJR-KRWDZBQOSA-N,0.9111111111111111,0.0,1.0,herg_blockade
HJBIOYGBCCKLGS-UHFFFAOYSA-N,ZJTOGZMETAQOQK-UHFFFAOYSA-N,0.8571428571428571,0.0,1.0,herg_blockade
NWYSTKOQSNEIDT-KHMDJKJYSA-N,QYZHZZJEYNWHAF-CZMKHNCBSA-N,0.8507462686567164,1.0,0.0,herg_blockade
NWYSTKOQSNEIDT-KHMDJKJYSA-N,RMJYPZJDYDKLTB-CZMKHNCBSA-N,0.9836065573770492,1.0,0.0,herg_blockade
JDTCZRQCZFSKET-SFTDATJTSA-N,QUWJHBYTQZGSSF-SFTDATJTSA-N,0.8533333333333334,0.0,1.0,herg_blockade
GXUZUPUMLJASRP-UHFFFAOYSA-N,GXUZUPUMLJASRP-AWEZNQCLSA-N,0.8714285714285714,0.0,1.0,herg_blockade
GXUZUPUMLJASRP-UHFFFAOYSA-N,LFHXTDBDALXSLW-UHFFFAOYSA-N,0.8714285714285714,0.0,1.0,herg_blockade
GXUZUPUMLJASRP-UHFFFAOYSA-N,GXUZUPUMLJASRP-CQSZACIVSA-N,0.8714285714285714,0.0,1.0,herg_blockade
GXUZUPUMLJASRP-UHFFFAOYSA-N,WQAXDVQHRBGDLA-UHFFFAOYSA-N,0.8857142857142857,0.0,1.0,herg_blockade
RZCZKNPTZMHVSH-UHFFFAOYSA-N,DVLXDPTZHLUZHB-UHFFFAOYSA-N,0.85,1.0,0.0,herg_blockade
LRKGQBKBMALHOE-RVWIWJKTSA-N,QAERCTROONLUNY-MOBUCQHHSA-N,0.8529411764705882,1.0,0.0,herg_blockade
IRJSIGMOOQZCQT-UHFFFAOYSA-N,WZZXJQIDLWOBDU-UHFFFAOYSA-N,0.9230769230769231,0.0,1.0,herg_blockade
HEGISDGTFVVWJL-SLQPCKNISA-N,WVALTFHONWMFMU-SLQPCKNISA-N,0.8933333333333333,0.0,1.0,herg_blockade
HEGISDGTFVVWJL-SLQPCKNISA-N,DUXSSERUGUNDBN-SLQPCKNISA-N,0.88,0.0,1.0,herg_blockade
PHTHSLUOTRLEHT-UHFFFAOYSA-N,JCVFLWGCPSULRX-UHFFFAOYSA-N,0.8833333333333333,0.0,1.0,herg_blockade
JCEIOJXARAMKNB-JZUMHQTLSA-N,ABOSMIZKCHEJEN-KIKDMBQDSA-N,0.8985507246376812,0.0,1.0,herg_blockade
JCEIOJXARAMKNB-JZUMHQTLSA-N,KPYWDUUGBKKBQA-JIWYJQEDSA-N,0.9014084507042254,0.0,1.0,herg_blockade
HDHCROHOBIWWHX-UHFFFAOYSA-N,CNPDKXJXYWCXRN-UHFFFAOYSA-N,0.8717948717948718,0.0,1.0,herg_blockade
HDHCROHOBIWWHX-UHFFFAOYSA-N,CQPCSTONSYLHIT-UHFFFAOYSA-N,0.8831168831168831,0.0,1.0,herg_blockade
FEIOPVQTLJUJBR-GOSISDBHSA-N,GJJRSPSNZFRQIQ-GOSISDBHSA-N,0.9452054794520548,1.0,0.0,herg_blockade
RKXDBMQRODRNSK-UHFFFAOYSA-N,NMGQVIBOWRVISE-UHFFFAOYSA-N,0.96,0.0,1.0,herg_blockade
ZHWCVAXYZZACNH-UHFFFAOYSA-N,DETZFOYSBMRQIB-UHFFFAOYSA-N,0.8596491228070176,1.0,0.0,herg_blockade
IFFOAHBQMKKYRJ-UHFFFAOYSA-N,AYRQXELKPRTSGD-UHFFFAOYSA-N,0.9642857142857143,1.0,0.0,herg_blockade
UDDLGZQDALRQID-UHFFFAOYSA-N,KAPZNJYOKZDXPF-UHFFFAOYSA-N,0.881578947368421,1.0,0.0,herg_blockade
UDDLGZQDALRQID-UHFFFAOYSA-N,VLBBPWTZWIHQLB-UHFFFAOYSA-N,0.8701298701298701,1.0,0.0,herg_blockade
UDDLGZQDALRQID-UHFFFAOYSA-N,DACGAATZKIWONI-UHFFFAOYSA-N,0.88,1.0,0.0,herg_blockade
ITCCUUDZMVHYGN-CPJSRVTESA-N,ITCCUUDZMVHYGN-KUXBLMNESA-N,0.875,0.0,1.0,herg_blockade
VFWIKSAVDMFGRU-UHFFFAOYSA-N,SQYAUXNWQOZSIY-UHFFFAOYSA-N,0.8533333333333334,1.0,0.0,herg_blockade
DORMVCLDXDMKMM-YSOHJTORSA-N,DORMVCLDXDMKMM-UHFFFAOYSA-N,0.8571428571428571,0.0,1.0,herg_blockade
RQCXDPJNIVTCJD-AWEZNQCLSA-N,ABYFXYVIEFXQPH-HNNXBMFYSA-N,0.9761904761904762,0.0,1.0,herg_blockade
DCLRBWCBZZADCC-VQTJNVASSA-N,DZMJATAIFBTELK-LEWJYISDSA-N,0.9622641509433962,0.0,1.0,herg_blockade
OSEQHUYSRMIQBM-AUSIDOKSSA-N,CGDYLVJZINGUBY-DYESRHJHSA-N,0.8505747126436781,1.0,0.0,herg_blockade
DNXMXCCCVCPJES-UHFFFAOYSA-N,CBXDCFAKWOJLIL-UHFFFAOYSA-N,0.9444444444444444,0.0,1.0,herg_blockade
DNXMXCCCVCPJES-UHFFFAOYSA-N,VTYNAGSOHIRPRR-UHFFFAOYSA-N,0.9622641509433962,0.0,1.0,herg_blockade
USPFJPDEADLGIG-QHCPKHFHSA-N,OBXLXUGOZZWQOW-DEOSSOPVSA-N,0.8888888888888888,0.0,1.0,herg_blockade
RGIPZCBZGRZGDB-UHFFFAOYSA-N,XCYCRDIMKXBEOA-UHFFFAOYSA-N,0.875,0.0,1.0,herg_blockade
LRUHRKCZDOABCX-MEIHLTSWSA-N,NIYZRKBUYQUHIE-OVXWJCGASA-N,0.9193548387096774,1.0,0.0,herg_blockade
VLCYASXBDSCXJI-UHFFFAOYSA-N,ABYFXYVIEFXQPH-UHFFFAOYSA-N,0.9512195121951219,0.0,1.0,herg_blockade
UCMNIYFDRVBMFV-UHFFFAOYSA-N,OINCQRGOMJVZHD-UHFFFAOYSA-N,0.9047619047619048,1.0,0.0,herg_blockade
LDCYXCYVKCIBDF-UHFFFAOYSA-N,LKKIXTRVSFNACN-UHFFFAOYSA-N,0.8536585365853658,1.0,0.0,herg_blockade
LDCYXCYVKCIBDF-UHFFFAOYSA-N,GBJOVRXLTKZGFS-UHFFFAOYSA-N,0.8536585365853658,1.0,0.0,herg_blockade
OKIOQHRDFOXEBF-DZCCDHAISA-N,DBVZZXXHSUGYMD-DZCCDHAISA-N,0.8507462686567164,0.0,1.0,herg_blockade
BUMHWUDGGPIPAG-IYVRIMFBSA-N,BUMHWUDGGPIPAG-YLCJPNJKSA-N,1.0,0.0,1.0,herg_blockade
GRPWVPMQIZXAHG-UHFFFAOYSA-N,VJIOWLHENKXJHM-UHFFFAOYSA-N,0.8888888888888888,0.0,1.0,herg_blockade
IEHPGROMDBPGLH-VWNXMTODSA-N,UMQZMTNEQMDJIG-NOZRDPDXSA-N,0.8591549295774648,0.0,1.0,herg_blockade
IEHPGROMDBPGLH-VWNXMTODSA-N,LKTNMPJKOYDWSA-NOZRDPDXSA-N,0.8767123287671232,0.0,1.0,herg_blockade
AUVVAXYIELKVAI-TXQMCKRASA-N,DTGZHCFJNDAHEN-FGFCVDQNSA-N,0.8909090909090909,0.0,1.0,herg_blockade
DTOUXAJRWSSJFK-QFQXNSOFSA-N,BOKJQWGRYGDLOQ-KBMIEXCESA-N,0.8533333333333334,1.0,0.0,herg_blockade
WYFUMSGPZNMEEQ-UHFFFAOYSA-N,YJQKVKQPRXATHT-UHFFFAOYSA-N,0.864406779661017,1.0,0.0,herg_blockade
WYFUMSGPZNMEEQ-UHFFFAOYSA-N,VISZXWKIWZTHGH-UHFFFAOYSA-N,0.8596491228070176,1.0,0.0,herg_blockade
DGQYAOWRSYHPCE-ZXPTYKNPSA-N,FPPIDMVDDSIXTQ-ZXPTYKNPSA-N,0.8933333333333333,0.0,1.0,herg_blockade
QTMPSRZWDIYDSN-UHFFFAOYSA-N,NPRCCHHCCYENNI-UHFFFAOYSA-N,0.8648648648648649,1.0,0.0,herg_blockade
IIYJKDRXCXLZDR-GJZGRUSLSA-N,KVRFATCLIRGVFB-GJZGRUSLSA-N,0.851063829787234,1.0,0.0,herg_blockade
RYSJYSNSALLKRM-UHFFFAOYSA-N,RBHXOMJETACHEF-MRXNPFEDSA-N,0.8783783783783784,1.0,0.0,herg_blockade
RYSJYSNSALLKRM-UHFFFAOYSA-N,RYSJYSNSALLKRM-MRXNPFEDSA-N,0.9166666666666666,1.0,0.0,herg_blockade
MQLLLGDBYOEXHC-UHFFFAOYSA-N,AWXQYTLSBPWDMJ-UHFFFAOYSA-N,0.8651685393258427,1.0,0.0,herg_blockade
MQLLLGDBYOEXHC-UHFFFAOYSA-N,ROPDYPBDQPZLDA-UHFFFAOYSA-N,0.9090909090909091,1.0,0.0,herg_blockade
FBMJGDCKBKUMJF-UHFFFAOYSA-N,SRABOMKMQRYXIK-UHFFFAOYSA-N,0.8714285714285714,0.0,1.0,herg_blockade
PAACWBZGPIQJEP-UHFFFAOYSA-N,WILIBJHNOGVKBM-UHFFFAOYSA-N,0.9622641509433962,1.0,0.0,herg_blockade
BKMZXLKUUMOTKA-XMMPIXPASA-N,BKMZXLKUUMOTKA-UHFFFAOYSA-N,0.873015873015873,1.0,0.0,herg_blockade
VWVXJUWUORALDD-KJCODNFBSA-N,BYGHXMKCHHHFAS-FZKFUBHISA-N,0.8809523809523809,0.0,1.0,herg_blockade
VWVXJUWUORALDD-KJCODNFBSA-N,ICFBKVPIXDVRSY-VZQWUQQYSA-N,0.8571428571428571,0.0,1.0,herg_blockade
TYYSIBSRZTXCNR-UHFFFAOYSA-N,KWADIVBHEIDOTO-UHFFFAOYSA-N,0.9090909090909091,1.0,0.0,herg_blockade
TYYSIBSRZTXCNR-UHFFFAOYSA-N,CITXEDFEYAKZMY-UHFFFAOYSA-N,0.8823529411764706,1.0,0.0,herg_blockade
UYULRDAPYWFIRZ-SJHOIFEDSA-N,PIBCEYLKROLZIT-SJHOIFEDSA-N,0.875,1.0,0.0,herg_blockade
LLXDSNCKQBRHMZ-INIZCTEOSA-N,FGTRDYXFZBKEJR-KRWDZBQOSA-N,0.9555555555555556,0.0,1.0,herg_blockade
USOQNEJBIDGMCF-UHFFFAOYSA-N,GXILWBIQFGWJQN-UHFFFAOYSA-N,0.9803921568627451,1.0,0.0,herg_blockade
JXNOGBVEQNMHDF-UHFFFAOYSA-N,QDRMTYQLXZSORG-UHFFFAOYSA-N,0.8983050847457628,1.0,0.0,herg_blockade
AYZQTNVKDVUKMD-UHFFFAOYSA-N,JJAGNYYMNCBVTP-UHFFFAOYSA-N,0.8705882352941177,1.0,0.0,herg_blockade
VFEUENDJIZXPKO-KIKDMBQDSA-N,ABOSMIZKCHEJEN-KIKDMBQDSA-N,0.9130434782608695,0.0,1.0,herg_blockade
YXGMOLUCRGSUHF-PMERELPUSA-N,BOZHYJXZRTYKQA-NDEPHWFRSA-N,0.8548387096774194,0.0,1.0,herg_blockade
WWWDSUPUGKTUBA-KAYWLYCHSA-N,YELXQLUATCAJLB-CLJLJLNGSA-N,0.8767123287671232,1.0,0.0,herg_blockade
RKFIEBSNVSQAJU-UHFFFAOYSA-N,CWFOLRQKSIYWTE-UHFFFAOYSA-N,0.8571428571428571,1.0,0.0,herg_blockade
YLFDDYWNYJPIAU-UHFFFAOYSA-N,OXWANDFSWNCOLM-UHFFFAOYSA-N,0.8703703703703703,1.0,0.0,herg_blockade
JQPRDWQRAAFLTI-RZJLRSEESA-N,IIVZUBFHVGRROU-PBWYZZMHSA-N,0.8947368421052632,1.0,0.0,herg_blockade
UYLPCDWAUMDYPN-UHFFFAOYSA-N,RHHOWYRSSYGDGJ-UHFFFAOYSA-N,0.9411764705882353,1.0,0.0,herg_blockade
UYLPCDWAUMDYPN-UHFFFAOYSA-N,VKZPUEKTTUNOAC-UHFFFAOYSA-N,0.9038461538461539,1.0,0.0,herg_blockade
UYLPCDWAUMDYPN-UHFFFAOYSA-N,MZKSYKHOPQGDOT-UHFFFAOYSA-N,0.8846153846153846,1.0,0.0,herg_blockade
WPLZJOHYEBBPRT-UHFFFAOYSA-N,GHXYRZWZQQDKIT-UHFFFAOYSA-N,0.9047619047619048,0.0,1.0,herg_blockade
WNZKLSJSPOZSAM-LJQANCHMSA-N,WNZKLSJSPOZSAM-IBGZPJMESA-N,0.873015873015873,1.0,0.0,herg_blockade
JEEQEUWCFNPVRU-LJQANCHMSA-N,AOXSXQRGGNJIMQ-QGZVFWFLSA-N,0.8831168831168831,0.0,1.0,herg_blockade
GTHLYJPWZLZDPE-UHFFFAOYSA-N,KYAYMWOIEPKLAS-UHFFFAOYSA-N,0.9482758620689655,1.0,0.0,herg_blockade
GTHLYJPWZLZDPE-UHFFFAOYSA-N,BZCRYUMMFUBHKD-UHFFFAOYSA-N,0.8571428571428571,1.0,0.0,herg_blockade
GTHLYJPWZLZDPE-UHFFFAOYSA-N,ZLBWTGJVWXPRFH-UHFFFAOYSA-N,0.8524590163934426,1.0,0.0,herg_blockade
GTHLYJPWZLZDPE-UHFFFAOYSA-N,MUIPFQAYLPYEPC-UHFFFAOYSA-N,0.8524590163934426,1.0,0.0,herg_blockade
HPUWDQDUZQWGIJ-FQEVSTJZSA-N,BMZVUMSBUURNOU-NRFANRHFSA-N,0.8648648648648649,1.0,0.0,herg_blockade
OWUIQMLTTIDFOA-UHFFFAOYSA-N,DBNJNPPSWNADBP-UHFFFAOYSA-N,0.8571428571428571,0.0,1.0,herg_blockade
XGYYVDZJWSDWDE-UHFFFAOYSA-N,XGYYVDZJWSDWDE-IBGZPJMESA-N,0.8507462686567164,1.0,0.0,herg_blockade
MXIVVCAWALSKFR-KRWDZBQOSA-N,MXIVVCAWALSKFR-QGZVFWFLSA-N,0.8596491228070176,1.0,0.0,herg_blockade
LLGOZDNWSZVDOK-UHFFFAOYSA-N,RZVMBDPRBHKUAY-UHFFFAOYSA-N,0.8529411764705882,0.0,1.0,herg_blockade
MXIVVCAWALSKFR-QGZVFWFLSA-N,MXIVVCAWALSKFR-UHFFFAOYSA-N,0.8596491228070176,0.0,1.0,herg_blockade
QEQQBHZIYAODLH-UHFFFAOYSA-N,IOZOVXCLYGPBKD-UHFFFAOYSA-N,0.9423076923076923,1.0,0.0,herg_blockade
PBVKGEMPZBKZOA-UHFFFAOYSA-N,RBSPCALDSNXWEP-UHFFFAOYSA-N,0.8604651162790697,1.0,0.0,herg_blockade
DLKLSEQEOIJHQF-UHFFFAOYSA-N,DGKDQGNOYZSJDK-UHFFFAOYSA-N,0.8648648648648649,1.0,0.0,herg_blockade
YJNORDWQAVLCQD-UHFFFAOYSA-N,AMGBGCLXZDYDOH-UHFFFAOYSA-N,0.8611111111111112,0.0,1.0,herg_blockade
WWVJRMAALORPGL-UHFFFAOYSA-N,JQDAUNBCJAOYGF-UHFFFAOYSA-N,0.8701298701298701,1.0,0.0,herg_blockade
IZOGIEBLWOHFCN-QYGIXFTLSA-N,IIVZUBFHVGRROU-KUYURNMDSA-N,0.92,1.0,0.0,herg_blockade
WHGOLOJWJWTKAV-UHFFFAOYSA-N,BTUWHHFNOHVCMQ-UHFFFAOYSA-N,0.8591549295774648,0.0,1.0,herg_blockade
DLZARUDZVNDGHQ-UHFFFAOYSA-N,NZHBOZROXDLINW-UHFFFAOYSA-N,0.875,1.0,0.0,herg_blockade
UJDYUOWUTALBPP-VWLOTQADSA-N,HLXZPGHNFUSVMT-SANMLTNESA-N,0.8548387096774194,1.0,0.0,herg_blockade
NEEISBJRSKJUGD-UHFFFAOYSA-N,QFYMDUCDSOJYQL-UHFFFAOYSA-N,0.9791666666666666,1.0,0.0,herg_blockade
JOAYEJZDGOLEDZ-QGZVFWFLSA-N,JOAYEJZDGOLEDZ-KRWDZBQOSA-N,0.8787878787878788,0.0,1.0,herg_blockade
LLXDSNCKQBRHMZ-UHFFFAOYSA-N,FGTRDYXFZBKEJR-UHFFFAOYSA-N,0.9555555555555556,0.0,1.0,herg_blockade
KYAYMWOIEPKLAS-UHFFFAOYSA-N,RVBJTTMGDQOZRW-UHFFFAOYSA-N,0.9482758620689655,0.0,1.0,herg_blockade
KYAYMWOIEPKLAS-UHFFFAOYSA-N,BVEQYIGPZVYYSV-UHFFFAOYSA-N,0.9310344827586207,0.0,1.0,herg_blockade
RZRAMVRYNHVTFQ-LJQANCHMSA-N,RZRAMVRYNHVTFQ-UHFFFAOYSA-N,0.8873239436619719,0.0,1.0,herg_blockade
ZFUZSVJLUSECGZ-UHFFFAOYSA-N,JWCUKLIKGBNEKA-WOEOTAOXSA-N,0.8607594936708861,1.0,0.0,herg_blockade
DDGUECXQOLRLTK-UHFFFAOYSA-N,IUHQCBLXDNGGHW-UHFFFAOYSA-N,0.8658536585365854,1.0,0.0,herg_blockade
DDGUECXQOLRLTK-UHFFFAOYSA-N,LLQTWPUPOTXGPN-UHFFFAOYSA-N,0.8554216867469879,1.0,0.0,herg_blockade
DDGUECXQOLRLTK-UHFFFAOYSA-N,SZLKARMZUAFJQJ-UHFFFAOYSA-N,0.8734177215189873,1.0,0.0,herg_blockade
DDGUECXQOLRLTK-UHFFFAOYSA-N,LEILKPWPQRGPQQ-UHFFFAOYSA-N,0.8518518518518519,1.0,0.0,herg_blockade
OTJQQIAODOJEAU-QHCPKHFHSA-N,GYCSEJAVIJOJHF-NRFANRHFSA-N,0.8939393939393939,1.0,0.0,herg_blockade
HUZRXZVIBUNCKL-UHFFFAOYSA-N,FONBZQATAUXFLY-UHFFFAOYSA-N,0.8676470588235294,0.0,1.0,herg_blockade
CEGMRCDIICJVRP-UHFFFAOYSA-N,IBHNEKVLDKCEQY-UHFFFAOYSA-N,0.9384615384615385,1.0,0.0,herg_blockade
BYKYPZBCMBEEGU-UHFFFAOYSA-N,BYKYPZBCMBEEGU-MRXNPFEDSA-N,0.8571428571428571,0.0,1.0,herg_blockade
IUHQCBLXDNGGHW-UHFFFAOYSA-N,UZTUCRSUEBSPQL-UHFFFAOYSA-N,0.8536585365853658,0.0,1.0,herg_blockade
IUHQCBLXDNGGHW-UHFFFAOYSA-N,GXTVQPOIAIZQBV-UHFFFAOYSA-N,0.8554216867469879,0.0,1.0,herg_blockade
IUHQCBLXDNGGHW-UHFFFAOYSA-N,AUMKIRNMXZPPIG-UHFFFAOYSA-N,0.8505747126436781,0.0,1.0,herg_blockade
AGTGRRLYPSCMPU-UHFFFAOYSA-N,FGJFPWDOUNOKFZ-UHFFFAOYSA-N,0.8615384615384616,1.0,0.0,herg_blockade
CHZHWZAKWGFQNL-DEOSSOPVSA-N,LEHZUIOYZVNHKP-QHCPKHFHSA-N,0.8620689655172413,1.0,0.0,herg_blockade
AWVSZEIDIPLFFV-LEFKNYOOSA-N,IIVZUBFHVGRROU-KUYURNMDSA-N,0.85,1.0,0.0,herg_blockade
KFSKTWYDIHJITF-UHFFFAOYSA-N,BUPRVECGWBHCQV-UHFFFAOYSA-N,0.9090909090909091,1.0,0.0,herg_blockade
DCLRBWCBZZADCC-UHFFFAOYSA-N,DZMJATAIFBTELK-UHFFFAOYSA-N,0.9622641509433962,0.0,1.0,herg_blockade
XNXUDGXKTVZKLB-GOSISDBHSA-N,XNXUDGXKTVZKLB-SFHVURJKSA-N,0.8787878787878788,1.0,0.0,herg_blockade
GYCSEJAVIJOJHF-NRFANRHFSA-N,BNUMSXVKMRFWBM-QFIPXVFZSA-N,0.9242424242424242,0.0,1.0,herg_blockade
LGSLBZUSMUWDMR-UHFFFAOYSA-N,SBFPCZNJFKYNLE-UHFFFAOYSA-N,0.8695652173913043,0.0,1.0,herg_blockade
BFIAPIAYPVHYPQ-UHFFFAOYSA-N,BVMLPMCCWDUGDH-UHFFFAOYSA-N,0.8970588235294118,1.0,0.0,herg_blockade
AQNRVBHBIZRPCK-UHFFFAOYSA-N,SUVHWQGAOXKZCQ-UHFFFAOYSA-N,0.8615384615384616,0.0,1.0,herg_blockade
FPPIDMVDDSIXTQ-GKPLWNPISA-N,DGQYAOWRSYHPCE-GKPLWNPISA-N,0.8918918918918919,1.0,0.0,herg_blockade
HRXSTBZYYQOBSY-UHFFFAOYSA-N,BYFSZZCFOSXKJG-UHFFFAOYSA-N,0.9107142857142857,0.0,1.0,herg_blockade
VWRLHSUMSWLCDO-UHFFFAOYSA-N,AMGBGCLXZDYDOH-UHFFFAOYSA-N,0.9420289855072463,0.0,1.0,herg_blockade
FASYULODQUSDTP-IBGZPJMESA-N,KWDNLKOOOJDQNA-SFHVURJKSA-N,0.8513513513513513,0.0,1.0,herg_blockade
JLXLGAWMGQDXPH-INIZCTEOSA-N,NPIKEZWFBYZTMG-KRWDZBQOSA-N,0.8529411764705882,1.0,0.0,herg_blockade
UTCMKQSVFASCHU-UHFFFAOYSA-N,XJNWVZSDYXIIEY-UHFFFAOYSA-N,0.9629629629629629,0.0,1.0,herg_blockade
RBHXOMJETACHEF-MRXNPFEDSA-N,RYSJYSNSALLKRM-INIZCTEOSA-N,0.9041095890410958,0.0,1.0,herg_blockade
RBHXOMJETACHEF-MRXNPFEDSA-N,RBHXOMJETACHEF-INIZCTEOSA-N,0.9178082191780822,0.0,1.0,herg_blockade
RBHXOMJETACHEF-MRXNPFEDSA-N,RBHXOMJETACHEF-UHFFFAOYSA-N,0.9178082191780822,0.0,1.0,herg_blockade
ZBHXNYOFQHFHLL-XUTJKUGGSA-N,AEHATJSZWAWZQR-GRGXKFILSA-N,0.8783783783783784,0.0,1.0,herg_blockade
APTNUAHTAUPJSF-SSEXGKCCSA-N,CUHPXYVMUDWNGU-SSEXGKCCSA-N,0.8985507246376812,1.0,0.0,herg_blockade
AKRVYESJGFQGPJ-UHFFFAOYSA-N,QCVHQBKSBJJNID-UHFFFAOYSA-N,0.8833333333333333,0.0,1.0,herg_blockade
PUZGAVBRJNMHLD-XUEBXJBISA-N,LVPHHNAIQIAGFF-USOMCTOXSA-N,0.8548387096774194,0.0,1.0,herg_blockade
PSEZNNGURCJZNE-UHFFFAOYSA-N,QCVHQBKSBJJNID-UHFFFAOYSA-N,0.8548387096774194,0.0,1.0,herg_blockade
FQYRWJAMMHBDPI-RGODFAACSA-N,BZRMQTCHVBQLNU-PIRIWWGTSA-N,0.8533333333333334,0.0,1.0,herg_blockade
RNLCVRMGBOBJPI-WZDPVOGJSA-N,RNLCVRMGBOBJPI-RCSZBHJWSA-N,0.8518518518518519,0.0,1.0,herg_blockade
LDTUIPCDYVXKIB-RZJLRSEESA-N,IIVZUBFHVGRROU-PBWYZZMHSA-N,0.8607594936708861,1.0,0.0,herg_blockade
LLQTWPUPOTXGPN-UHFFFAOYSA-N,GXTVQPOIAIZQBV-UHFFFAOYSA-N,0.8674698795180723,0.0,1.0,herg_blockade
LLQTWPUPOTXGPN-UHFFFAOYSA-N,PPLZYPDLRUCVGQ-UHFFFAOYSA-N,0.8554216867469879,0.0,1.0,herg_blockade
LLQTWPUPOTXGPN-UHFFFAOYSA-N,FBXMQLGXPQSALD-UHFFFAOYSA-N,0.8823529411764706,0.0,1.0,herg_blockade
LLQTWPUPOTXGPN-UHFFFAOYSA-N,ATODYUVMSIEGRJ-UHFFFAOYSA-N,0.8571428571428571,0.0,1.0,herg_blockade
NXZNYBUBXWWKCP-DNRQZRRGSA-N,GBHFJHHZNPQVSF-XLGIIRLISA-N,0.881578947368421,0.0,1.0,herg_blockade
LJDGRKMMCUOYAA-UHFFFAOYSA-N,JCVFLWGCPSULRX-UHFFFAOYSA-N,0.9137931034482759,0.0,1.0,herg_blockade
VRRBZWNVOSJGLI-JOCHJYFZSA-N,CHOXZXLXXUVMGG-OAQYLSRUSA-N,0.8734177215189873,1.0,0.0,herg_blockade
BFOAUCMLYYUSJH-UHFFFAOYSA-N,RCYHOLUDUHCVPD-UHFFFAOYSA-N,0.9117647058823529,0.0,1.0,herg_blockade
DNHRQMMBAAKVNY-FIRIVFDPSA-N,OJERHTYXNSEIQQ-LOYHVIPDSA-N,0.8611111111111112,1.0,0.0,herg_blockade
FGTRDYXFZBKEJR-UHFFFAOYSA-N,OUQIHZQQYQPARR-UHFFFAOYSA-N,0.9111111111111111,1.0,0.0,herg_blockade
ABYFXYVIEFXQPH-UHFFFAOYSA-N,RQCXDPJNIVTCJD-UHFFFAOYSA-N,0.975609756097561,1.0,0.0,herg_blockade
UBWGLLJSEKEDSU-NRFANRHFSA-N,HXZFVRVFLVJAIU-FQEVSTJZSA-N,0.9032258064516129,0.0,1.0,herg_blockade
BUQRHLHTJDMDCG-ZJSXRUAMSA-N,WRYOBZALXNKUCQ-ZJSXRUAMSA-N,0.8695652173913043,0.0,1.0,herg_blockade
OLUONKODHNDKJM-HQRWHSCBSA-N,IIVZUBFHVGRROU-KUYURNMDSA-N,0.8717948717948718,1.0,0.0,herg_blockade
NLLYXEPGGVAVHY-INIZCTEOSA-N,BEZZRZYETXKPJS-HNNXBMFYSA-N,0.855072463768116,0.0,1.0,herg_blockade
ZJCWMJGOWBGMOH-CQSZACIVSA-N,MQKKAQLHMBBFHM-CQSZACIVSA-N,0.8615384615384616,0.0,1.0,herg_blockade
LLJHFOUBOYXNFM-UHFFFAOYSA-N,HPPWFRFBBQNSJX-UHFFFAOYSA-N,0.8518518518518519,0.0,1.0,herg_blockade
HBGLVJABBICLQC-RUZDIDTESA-N,QGAWXOQEXMZKDG-XMMPIXPASA-N,0.875,1.0,0.0,herg_blockade
NLLYXEPGGVAVHY-UHFFFAOYSA-N,BEZZRZYETXKPJS-UHFFFAOYSA-N,0.855072463768116,0.0,1.0,herg_blockade
IEHPGROMDBPGLH-UPVQGACJSA-N,UMQZMTNEQMDJIG-ZCYQVOJMSA-N,0.8611111111111112,0.0,1.0,herg_blockade
IEHPGROMDBPGLH-UPVQGACJSA-N,LKTNMPJKOYDWSA-ZCYQVOJMSA-N,0.8783783783783784,0.0,1.0,herg_blockade
IZOGIEBLWOHFCN-RBVQTJJVSA-N,IIVZUBFHVGRROU-PBWYZZMHSA-N,0.92,1.0,0.0,herg_blockade
MBQDUNUKUGTDDX-MSEWRSJXSA-N,YXXGTVBNVRVOKC-GLRZTSSQSA-N,0.8529411764705882,1.0,0.0,herg_blockade
AVIDRKWFHQXSDT-UHFFFAOYSA-N,SGDWPIDXMHBDQC-UHFFFAOYSA-N,0.8823529411764706,0.0,1.0,herg_blockade
VCMXVHQEQPEFNQ-UHFFFAOYSA-N,UGWHGJOPTDAWEZ-UHFFFAOYSA-N,0.859375,0.0,1.0,herg_blockade
PKCHSZZZFHSIGB-UHFFFAOYSA-N,IINYBGOIUFXUQW-UHFFFAOYSA-N,0.859375,1.0,0.0,herg_blockade
HKXVWBMFLBHMOP-UHFFFAOYSA-N,SZRWFTMTSURZBX-UHFFFAOYSA-N,0.873015873015873,1.0,0.0,herg_blockade
XLBYUGKZWZMFEL-UHFFFAOYSA-N,MUIPFQAYLPYEPC-UHFFFAOYSA-N,0.8548387096774194,1.0,0.0,herg_blockade
XLBYUGKZWZMFEL-UHFFFAOYSA-N,PEIFUGDCVSOBAT-UHFFFAOYSA-N,0.95,1.0,0.0,herg_blockade
RVBJTTMGDQOZRW-UHFFFAOYSA-N,BZCRYUMMFUBHKD-UHFFFAOYSA-N,0.8571428571428571,1.0,0.0,herg_blockade
RVBJTTMGDQOZRW-UHFFFAOYSA-N,ZLBWTGJVWXPRFH-UHFFFAOYSA-N,0.8524590163934426,1.0,0.0,herg_blockade
RVBJTTMGDQOZRW-UHFFFAOYSA-N,MUIPFQAYLPYEPC-UHFFFAOYSA-N,0.8524590163934426,1.0,0.0,herg_blockade
KFQMAIZBNWWGPO-UHFFFAOYSA-N,HTTJCVMWSJWZID-UHFFFAOYSA-N,0.8793103448275862,1.0,0.0,herg_blockade
KDMBMLINAPXLCW-JXFKEZNVSA-N,KDMBMLINAPXLCW-UZLBHIALSA-N,0.8529411764705882,1.0,0.0,herg_blockade
PUKKREPUSDNYNL-SFHVURJKSA-N,QNXBTJMKZJMAEU-IBGZPJMESA-N,0.8717948717948718,0.0,1.0,herg_blockade
WYKRFGYHTDMMFI-UHFFFAOYSA-N,IHADGKOGTFHZIG-UHFFFAOYSA-N,0.85,0.0,1.0,herg_blockade
LLBIIUQCQIOLNG-UHFFFAOYSA-N,MRGFDPDQMSJIJC-UHFFFAOYSA-N,0.8548387096774194,1.0,0.0,herg_blockade
NXSFKUCSWRJBEE-SZPZYZBQSA-N,NXSFKUCSWRJBEE-HZCBDIJESA-N,1.0,1.0,0.0,herg_blockade
ILFIXUVIBJYIDE-UHFFFAOYSA-N,LNJGQKOJQYUTBY-UHFFFAOYSA-N,0.8536585365853658,0.0,1.0,herg_blockade
VATRZDWMOKJFRC-AGBDBUHGSA-N,CXGFHAFDFOMUEC-NFDUJVPWSA-N,0.8863636363636364,0.0,1.0,herg_blockade
MSRUMHDSLFSWRT-UHFFFAOYSA-N,GDJZHWZFVWEHTI-UHFFFAOYSA-N,0.855072463768116,0.0,1.0,herg_blockade
SGDWPIDXMHBDQC-UHFFFAOYSA-N,YIDRPJAESDFDSG-UHFFFAOYSA-N,0.8676470588235294,1.0,0.0,herg_blockade
VLBBPWTZWIHQLB-UHFFFAOYSA-N,BQVRVXOKDOEPNL-UHFFFAOYSA-N,0.8536585365853658,0.0,1.0,herg_blockade
WCDPZBYIZZTNIC-RBBKRZOGSA-N,LATYJVJEPRDPLZ-RBBKRZOGSA-N,0.8507462686567164,0.0,1.0,herg_blockade
URSFXHYCOQKUPP-SKCUWOTOSA-N,BGBRPPONHQFLEX-RNWIMVQKSA-N,0.8690476190476191,0.0,1.0,herg_blockade
FMROLDYZPAJDIZ-IMMUGOHXSA-N,FMROLDYZPAJDIZ-JPYJTQIMSA-N,0.873015873015873,1.0,0.0,herg_blockade
RAACSHYFBZCXSM-NZFVVWBWSA-N,RAACSHYFBZCXSM-AUHLQLFFSA-N,0.9058823529411765,0.0,1.0,herg_blockade
GQFYFTNDSLXGAN-UHFFFAOYSA-N,AOHYTTMQYWIGBI-UHFFFAOYSA-N,0.9111111111111111,0.0,1.0,herg_blockade
WQKRVODUOZJARR-UHFFFAOYSA-N,LCLHWAFOYICJIC-UHFFFAOYSA-N,0.9090909090909091,0.0,1.0,herg_blockade
COKSKIXACCXTRS-UHFFFAOYSA-N,VNUWHBRXYDCOFA-UHFFFAOYSA-N,0.8513513513513513,0.0,1.0,herg_blockade
GOEHQYOOVNZIEI-LJQANCHMSA-N,SHSWWKAPCSHSHG-QGZVFWFLSA-N,0.8571428571428571,1.0,0.0,herg_blockade
RLZGQFWYJYQEBI-FQEVSTJZSA-N,QZVBLNIFHQHIJS-IBGZPJMESA-N,0.875,1.0,0.0,herg_blockade
NAYZSSQGIKJDGG-PMERELPUSA-N,UFZMURFKAOEOKB-PMERELPUSA-N,0.8552631578947368,0.0,1.0,herg_blockade
IWZSETOJTMHNIP-UHFFFAOYSA-N,BVALXLKHALQQPF-UHFFFAOYSA-N,0.8653846153846154,1.0,0.0,herg_blockade
WRWUGHDNJYUGGD-UHFFFAOYSA-N,JQNSYTMOXNMQTB-UHFFFAOYSA-N,0.8823529411764706,0.0,1.0,herg_blockade
PLNVEKRGBWVHLB-UHFFFAOYSA-N,XBWZPGIPCVKOTR-UHFFFAOYSA-N,0.8529411764705882,0.0,1.0,herg_blockade
DPKYAJVQQQPMFX-YTCJXQCFSA-N,PYHPYRVGHHVGEC-FYDYYVQNSA-N,0.8783783783783784,0.0,1.0,herg_blockade
UBBOYTZYPGUBTI-UHFFFAOYSA-N,OIQHTDBPAVCYEC-UHFFFAOYSA-N,0.8571428571428571,1.0,0.0,herg_blockade
FCHHBDZWKNCHCB-UHFFFAOYSA-N,DCVITXJMCYHCFL-UHFFFAOYSA-N,0.8607594936708861,0.0,1.0,herg_blockade
BVMLPMCCWDUGDH-UHFFFAOYSA-N,ACRMNEFOWLXFLY-UHFFFAOYSA-N,0.9104477611940298,0.0,1.0,herg_blockade
BVMLPMCCWDUGDH-UHFFFAOYSA-N,USKZVJAZXRLUHK-UHFFFAOYSA-N,0.855072463768116,0.0,1.0,herg_blockade
ATPGZRKICBQLSQ-UHFFFAOYSA-N,ONRUYAGLGNLXKI-UHFFFAOYSA-N,0.8651685393258427,1.0,0.0,herg_blockade
ATPGZRKICBQLSQ-UHFFFAOYSA-N,CSTGEWWOGMITFK-UHFFFAOYSA-N,0.9058823529411765,1.0,0.0,herg_blockade
XIGZAONAJMZWKN-UHFFFAOYSA-N,KJJSJXRRMHWDBJ-UHFFFAOYSA-N,0.9365079365079365,1.0,0.0,herg_blockade
ZLAQCBNGRIXMFQ-UHFFFAOYSA-N,ZNLCRBCFRLCIFE-UHFFFAOYSA-N,0.8840579710144928,1.0,0.0,herg_blockade
BYSRJIZIRWFBII-QIJUGHKUSA-N,IGWALEJLEGJGGB-AHRSYUTCSA-N,0.875,1.0,0.0,herg_blockade
JWCUKLIKGBNEKA-WOEOTAOXSA-N,QPSASROYWRAKFK-HTFLBPPUSA-N,0.85,0.0,1.0,herg_blockade
WUNPQUANLDUHHI-UHFFFAOYSA-N,AGSWPZXGFSITHZ-UHFFFAOYSA-N,0.8548387096774194,0.0,1.0,herg_blockade
JQPRDWQRAAFLTI-AUFCLJJTSA-N,IIVZUBFHVGRROU-KUYURNMDSA-N,0.8947368421052632,1.0,0.0,herg_blockade
KODLQRCYGZOTLD-MGFGWZDJSA-N,KJISMMFJJNLRBV-OKDASEJXSA-N,0.8533333333333334,1.0,0.0,herg_blockade
SUARPGUFOBBSJS-NRFANRHFSA-N,INWIVMOTHPFWNU-NRFANRHFSA-N,0.896551724137931,1.0,0.0,herg_blockade
HELKSLAMYBXCSD-AUHLQLFFSA-N,HELKSLAMYBXCSD-PSIJGNRBSA-N,0.8505747126436781,0.0,1.0,herg_blockade
YEMQCJMGXORROI-UHFFFAOYSA-N,KWJTYPOQTXWLHU-UHFFFAOYSA-N,0.8611111111111112,1.0,0.0,herg_blockade
OAAXUVBOELLOHV-UHFFFAOYSA-N,ZEEJKDFLVSPYEN-UHFFFAOYSA-N,0.8974358974358975,1.0,0.0,herg_blockade
NSZIOJJFVANMBW-VWLOTQADSA-N,HVHWAHSJCSERGA-VWLOTQADSA-N,0.8571428571428571,0.0,1.0,herg_blockade
BELRYHSQDZCWBA-UHFFFAOYSA-N,LTSAIVCADIPFKF-UHFFFAOYSA-N,0.9333333333333333,1.0,0.0,herg_blockade
JGTMSYMVZMHRFM-IYOYZZHUSA-N,NIYZRKBUYQUHIE-OVXWJCGASA-N,0.890625,1.0,0.0,herg_blockade
COPWJQCMDFSJPF-GRGXKFILSA-N,AEHATJSZWAWZQR-GRGXKFILSA-N,0.8648648648648649,0.0,1.0,herg_blockade
RMJYPZJDYDKLTB-PUFWETDBSA-N,RMJYPZJDYDKLTB-CZMKHNCBSA-N,0.890625,1.0,0.0,herg_blockade
DKIUFVFEAUCDLY-BDYUSTAISA-N,GLSSNBLKKWINSD-JDXGNMNLSA-N,0.863013698630137,0.0,1.0,herg_blockade
YDRCHQQFHSPVMO-VWLOTQADSA-N,KCLONPRRKHVPLU-VWLOTQADSA-N,0.8771929824561403,0.0,1.0,herg_blockade
LNJGQKOJQYUTBY-UHFFFAOYSA-N,DKIVMEDHCYQDRF-UHFFFAOYSA-N,0.875,1.0,0.0,herg_blockade
FNGBGXPVVBCEGE-YJBOKZPZSA-N,SKVQSOWCGGCBJZ-RXVVDRJESA-N,0.9027777777777778,0.0,1.0,herg_blockade
CGDYLVJZINGUBY-DYESRHJHSA-N,FAEQDNJQJXKVTM-XMSQKQJNSA-N,0.8705882352941177,0.0,1.0,herg_blockade
DGVNGMXASUNRAO-VWLOTQADSA-N,OLLRSJLKNAIFCJ-VWLOTQADSA-N,0.9047619047619048,0.0,1.0,herg_blockade
DGVNGMXASUNRAO-VWLOTQADSA-N,XAVJTYOBWCSWFJ-SANMLTNESA-N,0.890625,0.0,1.0,herg_blockade
OLLRSJLKNAIFCJ-UHFFFAOYSA-N,DGVNGMXASUNRAO-UHFFFAOYSA-N,0.9047619047619048,1.0,0.0,herg_blockade
QCPLMEBVJKAVGY-PEPAQOBHSA-N,XULVMRUMTSIIFH-PEPAQOBHSA-N,0.8709677419354839,0.0,1.0,herg_blockade
ZOCLVGHDXBVATF-UHFFFAOYSA-N,DVKKRVWTQWKPJP-UHFFFAOYSA-N,0.8653846153846154,1.0,0.0,herg_blockade
CVGFDACBJVOANI-UHFFFAOYSA-N,POLITEGQHLSZOD-UHFFFAOYSA-N,0.9767441860465116,1.0,0.0,herg_blockade
WMUCUAKPEIPDIK-UHFFFAOYSA-N,FPBHGUQIJSLDCS-UHFFFAOYSA-N,0.863013698630137,0.0,1.0,herg_blockade
UZTUCRSUEBSPQL-UHFFFAOYSA-N,SZLKARMZUAFJQJ-UHFFFAOYSA-N,0.9342105263157895,1.0,0.0,herg_blockade
UZTUCRSUEBSPQL-UHFFFAOYSA-N,LEILKPWPQRGPQQ-UHFFFAOYSA-N,0.8625,1.0,0.0,herg_blockade
QMNYBHANABNQLH-UHFFFAOYSA-N,GFLQCBTXTRCREJ-UHFFFAOYSA-N,0.875,0.0,1.0,herg_blockade
OXYRVSPLWYNARN-UHFFFAOYSA-N,RHHOWYRSSYGDGJ-UHFFFAOYSA-N,0.8653846153846154,1.0,0.0,herg_blockade
OXYRVSPLWYNARN-UHFFFAOYSA-N,VKZPUEKTTUNOAC-UHFFFAOYSA-N,0.8653846153846154,1.0,0.0,herg_blockade
OXYRVSPLWYNARN-UHFFFAOYSA-N,MZKSYKHOPQGDOT-UHFFFAOYSA-N,0.8823529411764706,1.0,0.0,herg_blockade
AWXQYTLSBPWDMJ-KAYWLYCHSA-N,MQLLLGDBYOEXHC-FQLXRVMXSA-N,0.8666666666666667,0.0,1.0,herg_blockade
SRFDOXHDVGOKQO-UHFFFAOYSA-N,ITDGSGSKYMTULC-UHFFFAOYSA-N,0.8902439024390244,0.0,1.0,herg_blockade
LMAMIMLDCZOAJZ-GOSISDBHSA-N,LKSOUSYVEIFFAF-QGZVFWFLSA-N,0.8723404255319149,0.0,1.0,herg_blockade
IAMMWWXBTYJBCX-UHFFFAOYSA-N,VCVDPONUNCPTCQ-UHFFFAOYSA-N,0.8604651162790697,1.0,0.0,herg_blockade
JBNBAFROSOFGEI-XUZZJYLKSA-N,MZKMVRKRCTUJCP-XUZZJYLKSA-N,0.8717948717948718,0.0,1.0,herg_blockade
JBNBAFROSOFGEI-XUZZJYLKSA-N,OUBJWZUHGDDBFH-JYFHCDHNSA-N,0.8641975308641975,0.0,1.0,herg_blockade
JBNBAFROSOFGEI-XUZZJYLKSA-N,UPZXWEJIJAQUBN-JYFHCDHNSA-N,0.875,0.0,1.0,herg_blockade
BCOYDHFZZXSZFA-UHFFFAOYSA-N,LEILKPWPQRGPQQ-UHFFFAOYSA-N,0.8717948717948718,1.0,0.0,herg_blockade
VTYNAGSOHIRPRR-JOCHJYFZSA-N,DNXMXCCCVCPJES-OAQYLSRUSA-N,0.9622641509433962,1.0,0.0,herg_blockade
ZMCNDHKXQWQHCC-FVUUGDKNSA-N,PIINFVJVFRCBPD-CIEDQVTBSA-N,0.859375,1.0,0.0,herg_blockade
PUOXMWOHHZDZBP-UHFFFAOYSA-N,HLQJZFFWUXHYMB-UHFFFAOYSA-N,0.8676470588235294,1.0,0.0,herg_blockade
MIFPUBJUGPIOOS-UHFFFAOYSA-N,QPJDEGHESLKELN-UHFFFAOYSA-N,0.8676470588235294,1.0,0.0,herg_blockade
CAGZIBHOJDZLGX-JNMARVLDSA-N,MDTAKMHHAHITNR-RXUZIWOSSA-N,0.92,1.0,0.0,herg_blockade
TYRDCYYKRYFRKP-UHFFFAOYSA-N,HJQWAOOLYPCQMS-UHFFFAOYSA-N,0.8947368421052632,1.0,0.0,herg_blockade
OLUONKODHNDKJM-KVILRBDLSA-N,IIVZUBFHVGRROU-PBWYZZMHSA-N,0.8717948717948718,1.0,0.0,herg_blockade
AWVSZEIDIPLFFV-LIUQIIALSA-N,IIVZUBFHVGRROU-PBWYZZMHSA-N,0.85,1.0,0.0,herg_blockade
VIKKXFYHSNSWKV-XMMPIXPASA-N,VIKKXFYHSNSWKV-DEOSSOPVSA-N,0.8977272727272727,0.0,1.0,herg_blockade
ROPDYPBDQPZLDA-VSGBNLITSA-N,MQLLLGDBYOEXHC-FQLXRVMXSA-N,0.9101123595505618,0.0,1.0,herg_blockade
FAJZUSKJMKJEFQ-UHFFFAOYSA-N,DACGAATZKIWONI-UHFFFAOYSA-N,0.8846153846153846,1.0,0.0,herg_blockade
IOZOVXCLYGPBKD-UHFFFAOYSA-N,WZHAQWFZACLGKI-UHFFFAOYSA-N,0.9423076923076923,0.0,1.0,herg_blockade
DGHURJYXAQLSSM-UHFFFAOYSA-N,GFFIHDXPUGXVGG-UHFFFAOYSA-N,0.8979591836734694,1.0,0.0,herg_blockade
LKLIIWVKKRDRRH-UHFFFAOYSA-N,KHQYWTQBIZMGJA-UHFFFAOYSA-N,0.859375,1.0,0.0,herg_blockade
ZBHXNYOFQHFHLL-TYKWCNGQSA-N,AEHATJSZWAWZQR-GRGXKFILSA-N,0.8783783783783784,0.0,1.0,herg_blockade
QILACADJNNDLKC-UHFFFAOYSA-N,RHHOWYRSSYGDGJ-UHFFFAOYSA-N,0.9038461538461539,1.0,0.0,herg_blockade
QILACADJNNDLKC-UHFFFAOYSA-N,VKZPUEKTTUNOAC-UHFFFAOYSA-N,0.9411764705882353,1.0,0.0,herg_blockade
QILACADJNNDLKC-UHFFFAOYSA-N,MZKSYKHOPQGDOT-UHFFFAOYSA-N,0.8846153846153846,1.0,0.0,herg_blockade
LDTUIPCDYVXKIB-AUFCLJJTSA-N,IIVZUBFHVGRROU-KUYURNMDSA-N,0.8607594936708861,1.0,0.0,herg_blockade
VIKKXFYHSNSWKV-DEOSSOPVSA-N,VIKKXFYHSNSWKV-UHFFFAOYSA-N,0.8977272727272727,1.0,0.0,herg_blockade
BRKOVFUTTJGJEO-UHFFFAOYSA-N,IGMRUXJGIQSJAC-UHFFFAOYSA-N,0.9259259259259259,1.0,0.0,herg_blockade
KAUGEXWMBITOIF-DEOSSOPVSA-N,HVHWAHSJCSERGA-VWLOTQADSA-N,0.8823529411764706,0.0,1.0,herg_blockade
MZKMVRKRCTUJCP-XUZZJYLKSA-N,OEMOAFYQHHFAMW-JTHBVZDNSA-N,0.8533333333333334,1.0,0.0,herg_blockade
CBXDCFAKWOJLIL-HSZRJFAPSA-N,DNXMXCCCVCPJES-OAQYLSRUSA-N,0.9444444444444444,1.0,0.0,herg_blockade
QLGIWKYNMSCERQ-SANMLTNESA-N,RMSWKUOSOVPFPF-SANMLTNESA-N,0.8666666666666667,1.0,0.0,herg_blockade
PJWDCICTRLASSV-UHFFFAOYSA-N,IINYBGOIUFXUQW-UHFFFAOYSA-N,0.8870967741935484,1.0,0.0,herg_blockade
DXGQMNPLLZTHPD-JIPXPUAJSA-N,QQLVWLYBRMDMSR-SKCUWOTOSA-N,0.9012345679012346,0.0,1.0,herg_blockade
MDTAKMHHAHITNR-RXUZIWOSSA-N,SESNYPNPIJXNNP-AUGIVFKSSA-N,0.8947368421052632,0.0,1.0,herg_blockade
XAVJTYOBWCSWFJ-UHFFFAOYSA-N,DGVNGMXASUNRAO-UHFFFAOYSA-N,0.890625,1.0,0.0,herg_blockade
PCBXOJDQTLCYRI-UHFFFAOYSA-N,XBWZPGIPCVKOTR-UHFFFAOYSA-N,0.855072463768116,0.0,1.0,herg_blockade
PPLVDBKGJPKXLH-UHFFFAOYSA-N,PPLVDBKGJPKXLH-HSZRJFAPSA-N,0.8518518518518519,0.0,1.0,herg_blockade
GFMDHQIKVJNHNJ-UHFFFAOYSA-N,JHVKOOCZASOHSP-UHFFFAOYSA-N,0.8541666666666666,0.0,1.0,herg_blockade
BCRSYZQXPRWUJQ-UIFIKXQLSA-N,IGWALEJLEGJGGB-AHRSYUTCSA-N,0.90625,1.0,0.0,herg_blockade
CXGFHAFDFOMUEC-VHCZIGLYSA-N,VATRZDWMOKJFRC-JEKTTYBVSA-N,0.896551724137931,1.0,0.0,herg_blockade
OUBJWZUHGDDBFH-JYFHCDHNSA-N,SDDYPSFGXCNMIG-WIOPSUGQSA-N,0.8641975308641975,1.0,0.0,herg_blockade
RYSJYSNSALLKRM-INIZCTEOSA-N,RYSJYSNSALLKRM-MRXNPFEDSA-N,0.9166666666666666,1.0,0.0,herg_blockade
RMSWKUOSOVPFPF-SANMLTNESA-N,KCLONPRRKHVPLU-VWLOTQADSA-N,0.864406779661017,0.0,1.0,herg_blockade
BMQGIPHCTZAMMW-LOYHVIPDSA-N,YBODQSWROIJMDW-LOYHVIPDSA-N,0.8656716417910447,1.0,0.0,herg_blockade
BMQGIPHCTZAMMW-LOYHVIPDSA-N,OJERHTYXNSEIQQ-LOYHVIPDSA-N,0.8787878787878788,1.0,0.0,herg_blockade
OBSQRQKRXUFJSA-AZUAARDMSA-N,BESRCGRINPRVRC-PKOBYXMFSA-N,0.9,1.0,0.0,herg_blockade
VPCMWNVGUJZFHV-UHFFFAOYSA-N,WFRRBQZEONZOIB-UHFFFAOYSA-N,0.8571428571428571,1.0,0.0,herg_blockade
SUVHWQGAOXKZCQ-INIZCTEOSA-N,AQNRVBHBIZRPCK-INIZCTEOSA-N,0.8615384615384616,1.0,0.0,herg_blockade
VLCYASXBDSCXJI-ZDUSSCGKSA-N,ABYFXYVIEFXQPH-HNNXBMFYSA-N,0.9523809523809523,0.0,1.0,herg_blockade
RZCZKNPTZMHVSH-PZJWPPBQSA-N,DVLXDPTZHLUZHB-PZJWPPBQSA-N,0.85,1.0,0.0,herg_blockade
DBZDEQRZDSXAQA-AZUAARDMSA-N,ZFFOQTMIAQPJJG-PZJWPPBQSA-N,0.8888888888888888,0.0,1.0,herg_blockade
ACYSIZUFQATBIE-WJTOECGUSA-N,FLTLUXCGVBUQLQ-PDULFCFVSA-N,0.8902439024390244,0.0,1.0,herg_blockade
PSWNFJQWICYKCD-KDYLLFBJSA-N,YMWLGNDIOUYMFZ-AKAXFMLLSA-N,0.8615384615384616,1.0,0.0,herg_blockade
DLOFFPHEWSEQCT-DEOSSOPVSA-N,NYUKWJXYAADYOO-DEOSSOPVSA-N,0.8983050847457628,0.0,1.0,herg_blockade
XKNUKLOVNSZOQW-UHFFFAOYSA-N,BCZGXEZPALEJJW-UHFFFAOYSA-N,0.8860759493670886,0.0,1.0,herg_blockade
GFFIHDXPUGXVGG-UHFFFAOYSA-N,GENWAOXOZDZWRT-UHFFFAOYSA-N,0.8979591836734694,0.0,1.0,herg_blockade
JLXLGAWMGQDXPH-UHFFFAOYSA-N,NPIKEZWFBYZTMG-UHFFFAOYSA-N,0.8529411764705882,1.0,0.0,herg_blockade
GHXUKKLUMMZDFG-UHFFFAOYSA-N,SZLKARMZUAFJQJ-UHFFFAOYSA-N,0.8518518518518519,1.0,0.0,herg_blockade
GHXUKKLUMMZDFG-UHFFFAOYSA-N,LEILKPWPQRGPQQ-UHFFFAOYSA-N,0.8536585365853658,1.0,0.0,herg_blockade
RFGZHWGKKIBYCG-UHFFFAOYSA-N,VDOKCNNCWQARKD-UHFFFAOYSA-N,0.8507462686567164,0.0,1.0,herg_blockade
COPWJQCMDFSJPF-UHFFFAOYSA-N,AEHATJSZWAWZQR-UHFFFAOYSA-N,0.8648648648648649,0.0,1.0,herg_blockade
AFLJTEIJRPLXFQ-NDEPHWFRSA-N,VXOBXKQLNWYQPQ-NDEPHWFRSA-N,0.8552631578947368,0.0,1.0,herg_blockade
BZCRYUMMFUBHKD-UHFFFAOYSA-N,BVEQYIGPZVYYSV-UHFFFAOYSA-N,0.8709677419354839,0.0,1.0,herg_blockade
QQLVWLYBRMDMSR-SKCUWOTOSA-N,LKUFQCLASPKCNE-LYZGTLIUSA-N,0.8941176470588236,1.0,0.0,herg_blockade
QQLVWLYBRMDMSR-SKCUWOTOSA-N,RETOYYSEVCBIRN-JIPXPUAJSA-N,0.8795180722891566,1.0,0.0,herg_blockade
QQLVWLYBRMDMSR-SKCUWOTOSA-N,UDNHVXSMHHOEBX-LYZGTLIUSA-N,0.8735632183908046,1.0,0.0,herg_blockade
SDDYPSFGXCNMIG-WIOPSUGQSA-N,UPZXWEJIJAQUBN-JYFHCDHNSA-N,0.8987341772151899,0.0,1.0,herg_blockade
ZBHXNYOFQHFHLL-UHFFFAOYSA-N,AEHATJSZWAWZQR-UHFFFAOYSA-N,0.8783783783783784,0.0,1.0,herg_blockade
NOMVWBJBDAKMBD-FQRUVTKNSA-N,DYVYVBIDPGNHOV-AJTFRIOCSA-N,0.8625,0.0,1.0,herg_blockade
ZLBWTGJVWXPRFH-UHFFFAOYSA-N,BVEQYIGPZVYYSV-UHFFFAOYSA-N,0.8666666666666667,0.0,1.0,herg_blockade
LYOCYPVMXHFJAK-YFHMBBFDSA-N,CBQODGRJHHJAEC-MDSHCDAHSA-N,0.8533333333333334,1.0,0.0,herg_blockade
VWNBOOIWICWEPL-BJKOFHAPSA-N,VWNBOOIWICWEPL-DNQXCXABSA-N,0.8648648648648649,0.0,1.0,herg_blockade
DZQFDSBQRPUTFZ-UHFFFAOYSA-N,SZLKARMZUAFJQJ-UHFFFAOYSA-N,0.8625,1.0,0.0,herg_blockade
GXTVQPOIAIZQBV-UHFFFAOYSA-N,SZLKARMZUAFJQJ-UHFFFAOYSA-N,0.8625,1.0,0.0,herg_blockade
BEZZRZYETXKPJS-HNNXBMFYSA-N,WHKCHEYISYPOKV-INIZCTEOSA-N,0.8507462686567164,1.0,0.0,herg_blockade
PPLZYPDLRUCVGQ-UHFFFAOYSA-N,SZLKARMZUAFJQJ-UHFFFAOYSA-N,0.922077922077922,1.0,0.0,herg_blockade
PPLZYPDLRUCVGQ-UHFFFAOYSA-N,LEILKPWPQRGPQQ-UHFFFAOYSA-N,0.8518518518518519,1.0,0.0,herg_blockade
RAACSHYFBZCXSM-LDMUXNMWSA-N,RAACSHYFBZCXSM-AUHLQLFFSA-N,0.8837209302325582,0.0,1.0,herg_blockade
NHHQYRXTLMSJAV-UHFFFAOYSA-N,XNBYYJPLEOIBSP-UHFFFAOYSA-N,0.9420289855072463,0.0,1.0,herg_blockade
UTNPWKXYGNBDLL-UHFFFAOYSA-N,SZRWFTMTSURZBX-UHFFFAOYSA-N,0.873015873015873,1.0,0.0,herg_blockade
YELXQLUATCAJLB-UHFFFAOYSA-N,WWWDSUPUGKTUBA-UHFFFAOYSA-N,0.875,0.0,1.0,herg_blockade
RQPQGMWYGNBUKK-OAHLLOKOSA-N,MQKKAQLHMBBFHM-CQSZACIVSA-N,0.8709677419354839,0.0,1.0,herg_blockade
SZLKARMZUAFJQJ-UHFFFAOYSA-N,UCFIRUNAQQQREZ-UHFFFAOYSA-N,0.8589743589743589,0.0,1.0,herg_blockade
SZLKARMZUAFJQJ-UHFFFAOYSA-N,ATODYUVMSIEGRJ-UHFFFAOYSA-N,0.8518518518518519,0.0,1.0,herg_blockade
SZTQWKJSSWHXLL-UHFFFAOYSA-N,SBUZQQVTBNOWMS-UHFFFAOYSA-N,0.9166666666666666,1.0,0.0,herg_blockade
IIVZUBFHVGRROU-PBWYZZMHSA-N,KJUDPHSYLGLADQ-RZJLRSEESA-N,0.8607594936708861,0.0,1.0,herg_blockade
LEILKPWPQRGPQQ-UHFFFAOYSA-N,UCFIRUNAQQQREZ-UHFFFAOYSA-N,0.8607594936708861,0.0,1.0,herg_blockade
KJISMMFJJNLRBV-OKDASEJXSA-N,PUBORNZQLOKYKZ-LSNLESRRSA-N,0.8767123287671232,0.0,1.0,herg_blockade
AJJYMQGHGPINNM-NDEPHWFRSA-N,DDWKZSOZZLKEKY-NDEPHWFRSA-N,0.8591549295774648,1.0,0.0,herg_blockade
ATCLLUOAIFZWHI-BJHZDCIISA-N,LRZUUEBSGAKSEJ-BJHZDCIISA-N,0.8571428571428571,1.0,0.0,herg_blockade
SQYAUXNWQOZSIY-UHFFFAOYSA-N,FEGHNCJTPWNNJZ-UHFFFAOYSA-N,0.8533333333333334,0.0,1.0,herg_blockade
GFUMOPVVRFRDRF-UHFFFAOYSA-N,CPSGCDLKARETBW-UHFFFAOYSA-N,0.85,0.0,1.0,herg_blockade
SAFUTBJYBAFUQI-OAHLLOKOSA-N,MQKKAQLHMBBFHM-CQSZACIVSA-N,0.873015873015873,0.0,1.0,herg_blockade
RYSJYSNSALLKRM-MRXNPFEDSA-N,RBHXOMJETACHEF-INIZCTEOSA-N,0.8783783783783784,0.0,1.0,herg_blockade
RYSJYSNSALLKRM-MRXNPFEDSA-N,RBHXOMJETACHEF-UHFFFAOYSA-N,0.8783783783783784,0.0,1.0,herg_blockade
JJAGNYYMNCBVTP-KAYWLYCHSA-N,AYZQTNVKDVUKMD-FQLXRVMXSA-N,0.872093023255814,0.0,1.0,herg_blockade
DYVYVBIDPGNHOV-AJTFRIOCSA-N,QUULKZXELSVNFZ-FQRUVTKNSA-N,0.8625,1.0,0.0,herg_blockade
ZVNXZBKZPNNNOA-AZUAARDMSA-N,ZVNXZBKZPNNNOA-UYAOXDASSA-N,0.8783783783783784,1.0,0.0,herg_blockade
MUIPFQAYLPYEPC-UHFFFAOYSA-N,BVEQYIGPZVYYSV-UHFFFAOYSA-N,0.8666666666666667,0.0,1.0,herg_blockade
CXGFHAFDFOMUEC-UHFFFAOYSA-N,VATRZDWMOKJFRC-UHFFFAOYSA-N,0.8863636363636364,1.0,0.0,herg_blockade
COPWJQCMDFSJPF-AQYVVDRMSA-N,AEHATJSZWAWZQR-GRGXKFILSA-N,0.8648648648648649,0.0,1.0,herg_blockade
ZVNXZBKZPNNNOA-QUCCMNQESA-N,ZVNXZBKZPNNNOA-UYAOXDASSA-N,0.9041095890410958,1.0,0.0,herg_blockade
