endpoint,number,value,state,C
herg_blockade,0,0.7623088436346327,1,2.6890788551555658
herg_blockade,1,0.7729253940116798,1,0.18532293842414965
herg_blockade,2,0.7646061963657018,1,0.9742378760234416
herg_blockade,3,0.7740020580022181,1,0.1603873144570661
herg_blockade,4,0.8260012133069846,1,0.003083293772194663
herg_blockade,5,0.7740443185459994,1,0.15957290600559562
herg_blockade,6,0.8163685105337244,1,0.0065543210288524015
herg_blockade,7,0.7598898959190361,1,26.477492430623958
herg_blockade,8,0.7724072551635847,1,0.19791101173983475
herg_blockade,9,0.7632993568653544,1,1.736288529065214
herg_blockade,10,0.8256285064724864,1,0.0032066435314612785
herg_blockade,11,0.8324845233255705,1,0.0011315272949637123
herg_blockade,12,0.8325381712424993,1,0.00105640543641902
herg_blockade,13,0.8012717636413523,1,0.017640165545886766
herg_blockade,14,0.832455938454912,1,0.001170848241444973
herg_blockade,15,0.7967011707973887,1,0.02439875548938625
herg_blockade,16,0.8325089766759397,1,0.0011389629092179833
herg_blockade,17,0.7946842038437871,1,0.027840772412252045
herg_blockade,18,0.759586238743966,1,91.14880077680775
herg_blockade,19,0.8118031409880794,1,0.008776479165280807
herg_blockade,20,0.7854836816352853,1,0.05397963988073061
herg_blockade,21,0.8324894404990958,1,0.0010735902473929463
herg_blockade,22,0.8285807040371984,1,0.00244289207036349
herg_blockade,23,0.8325225779263528,1,0.0010041034894785403
herg_blockade,24,0.8134013665723308,1,0.007943192706538272
herg_blockade,25,0.8271330533331286,1,0.0028169590678167275
herg_blockade,26,0.8175472183233082,1,0.00597966309840424
herg_blockade,27,0.7900162251408516,1,0.03808410405207886
herg_blockade,28,0.760964632919906,1,6.444162299525131
herg_blockade,29,0.8044670678531906,1,0.014041970318605634
herg_blockade,30,0.8295410632151159,1,0.0021781183274011016
herg_blockade,31,0.8325323910639753,1,0.0011006234766099171
herg_blockade,32,0.8318140511961073,1,0.001517109119988082
herg_blockade,33,0.7827442674295132,1,0.0678796355882931
herg_blockade,34,0.8214899969153092,1,0.004476386005316633
herg_blockade,35,0.8303533506277387,1,0.0019195324228425121
herg_blockade,36,0.7678910003682021,1,0.4346327525991303
herg_blockade,37,0.8061370470115812,1,0.012664695492661493
herg_blockade,38,0.8221140236514907,1,0.004238852852551783
herg_blockade,39,0.8302304660063706,1,0.0019519757932562676
herg_blockade,40,0.7796387529189294,1,0.08904799602773088
herg_blockade,41,0.8325123071163185,1,0.001112281213142917
herg_blockade,42,0.8325099131249013,1,0.0010599650053771665
herg_blockade,43,0.8222853577727107,1,0.004178432148321996
herg_blockade,44,0.8261050398614879,1,0.0030433076653494343
herg_blockade,45,0.830090997345791,1,0.001997550498418349
herg_blockade,46,0.8134409302311176,1,0.007924286014937127
herg_blockade,47,0.7612480558304494,1,5.240400772395439
herg_blockade,48,0.8324733526541062,1,0.0011509843264870278
herg_blockade,49,0.8325314259391255,1,0.0010125691742355815
ames_mutagenicity,0,0.7494204899468901,1,2.6890788551555658
ames_mutagenicity,1,0.7793024486889857,1,0.18532293842414965
ames_mutagenicity,2,0.7557963149002108,1,0.9742378760234416
ames_mutagenicity,3,0.7816074831928534,1,0.1603873144570661
ames_mutagenicity,4,0.846108169380041,1,0.003083293772194663
ames_mutagenicity,5,0.7815227634050911,1,0.15957290600559562
ames_mutagenicity,6,0.8348171531333476,1,0.0065543210288524015
ames_mutagenicity,7,0.7431613792665234,1,26.477492430623958
ames_mutagenicity,8,0.7784667618241876,1,0.19791101173983475
ames_mutagenicity,9,0.7511599087297681,1,1.736288529065214
ames_mutagenicity,10,0.8456395103508422,1,0.0032066435314612785
ames_mutagenicity,11,0.8560237145285038,1,0.0011315272949637123
ames_mutagenicity,12,0.8563742982400304,1,0.00105640543641902
ames_mutagenicity,13,0.8166719717088808,1,0.017640165545886766
ames_mutagenicity,14,0.8558465625682865,1,0.001170848241444973
ames_mutagenicity,15,0.81160001838874,1,0.02439875548938625
ames_mutagenicity,16,0.856009167000891,1,0.0011389629092179833
ames_mutagenicity,17,0.8106114473345912,1,0.025962648646821032
ames_mutagenicity,18,0.7473659026890924,1,11.42299791718422
ames_mutagenicity,19,0.8293335127118329,1,0.008776479165280807
ames_mutagenicity,20,0.7996444614441398,1,0.05397963988073061
ames_mutagenicity,21,0.8563445008725015,1,0.0010735902473929463
ames_mutagenicity,22,0.8479754583388972,1,0.002750722398524104
ames_mutagenicity,23,0.8564407961423537,1,0.001009624218353141
ames_mutagenicity,24,0.8309322273049478,1,0.007975566117450287
ames_mutagenicity,25,0.847592419399205,1,0.0028169590678167275
ames_mutagenicity,26,0.8563652156839958,1,0.0010519860636925757
ames_mutagenicity,27,0.803814737761363,1,0.04132814091753273
ames_mutagenicity,28,0.8439370928691164,1,0.0035978892670213004
ames_mutagenicity,29,0.7412969326891967,1,77.22573344301979
ames_mutagenicity,30,0.7617754417462651,1,0.6752768747539589
ames_mutagenicity,31,0.856269121172451,1,0.0010980203872346694
ames_mutagenicity,32,0.834927490304335,1,0.006488001986481384
ames_mutagenicity,33,0.8531405285314042,1,0.00173355916472961
ames_mutagenicity,34,0.8222063678237433,1,0.012976875143609274
ames_mutagenicity,35,0.8517198431573122,1,0.0020698205956298063
ames_mutagenicity,36,0.8406285641756663,1,0.004500586437514588
ames_mutagenicity,37,0.7907231864047712,1,0.08918722273935188
ames_mutagenicity,38,0.7478703313724887,1,6.665819690510155
ames_mutagenicity,39,0.852239499227721,1,0.001954412367160263
ames_mutagenicity,40,0.8371160417504979,1,0.005629375119564081
ames_mutagenicity,41,0.8561551122006605,1,0.001114900742637727
ames_mutagenicity,42,0.8537317449905173,1,0.0016258482520727729
ames_mutagenicity,43,0.8563853656883544,1,0.001025684520155722
ames_mutagenicity,44,0.8418048452521882,1,0.004110349145471953
ames_mutagenicity,45,0.8252663498993781,1,0.01087380924161432
ames_mutagenicity,46,0.8493550616575124,1,0.002451403554136239
ames_mutagenicity,47,0.8533431897931069,1,0.0016945923818656576
ames_mutagenicity,48,0.7652302238202038,1,0.4910600641952336
ames_mutagenicity,49,0.8563998294053361,1,0.0010120456500930422
SR-p53,0,0.17359967949359242,1,2.6890788551555658
SR-p53,1,0.18175431020336713,1,0.18532293842414965
SR-p53,2,0.17562506159541974,1,0.9742378760234416
SR-p53,3,0.18251447916078037,1,0.1603873144570661
SR-p53,4,0.2302597572984864,1,0.003083293772194663
SR-p53,5,0.18251132752474405,1,0.15957290600559562
SR-p53,6,0.21904084777181712,1,0.0065543210288524015
SR-p53,7,0.1772202530909588,1,26.477492430623958
SR-p53,8,0.1813585085773582,1,0.19791101173983475
SR-p53,9,0.17429644458079513,1,1.736288529065214
SR-p53,10,0.22963008759167225,1,0.0032066435314612785
SR-p53,11,0.23733154116307406,1,0.0011315272949637123
SR-p53,12,0.23696005756417127,1,0.00105640543641902
SR-p53,13,0.20268278713526583,1,0.017640165545886766
SR-p53,14,0.23622027563647885,1,0.001170848241444973
SR-p53,15,0.19817789746886544,1,0.02439875548938625
SR-p53,16,0.23694223577008883,1,0.0011389629092179833
SR-p53,17,0.1966125564059176,1,0.025962648646821032
SR-p53,18,0.1791023415670482,1,11.42299791718422
SR-p53,19,0.21406980248306393,1,0.008776479165280807
SR-p53,20,0.18768820028942457,1,0.05397963988073061
SR-p53,21,0.23683515857746676,1,0.0010735902473929463
SR-p53,22,0.2220232246200933,1,0.002750722398524104
SR-p53,23,0.23564947653155405,1,0.0010042042242138986
SR-p53,24,0.21575608536390586,1,0.007752518709423028
SR-p53,25,0.22202142120602245,1,0.0026765875751910803
SR-p53,26,0.21924364737857993,1,0.006153006738693127
SR-p53,27,0.18748384295585319,1,0.0548852436340326
SR-p53,28,0.2297017722441485,1,0.0019323290998065163
SR-p53,29,0.17360438998348732,1,77.22573344301979
SR-p53,30,0.20783212675240928,1,0.012261951403801942
SR-p53,31,0.23817087673098886,1,0.00110069853731355
SR-p53,32,0.22993342831385177,1,0.001889869028214333
SR-p53,33,0.22272103660821901,1,0.00477064311928751
SR-p53,34,0.23601226351744425,1,0.001031487724285395
SR-p53,35,0.17696509059655677,1,0.41731202865722355
SR-p53,36,0.22366220475064266,1,0.004295884850680663
SR-p53,37,0.23016982169743352,1,0.0018640272815626734
SR-p53,38,0.17515340980938549,1,6.665819690510155
SR-p53,39,0.1884325989123897,1,0.05047659632267215
SR-p53,40,0.20526143281095954,1,0.01392150607842663
SR-p53,41,0.23172971796766026,1,0.0016370186614923672
SR-p53,42,0.22528413883184595,1,0.003829850446383726
SR-p53,43,0.23562502253483944,1,0.0010265797888232067
SR-p53,44,0.23285716166893103,1,0.0018053222401428048
SR-p53,45,0.22296317722169606,1,0.0025654465737319056
SR-p53,46,0.22214947917759487,1,0.004884565317673456
SR-p53,47,0.23348840562587828,1,0.0014015008420979564
SR-p53,48,0.17619009598370144,1,0.4910600641952336
SR-p53,49,0.21083727242895783,1,0.01006775357611585
SR-ATAD5,0,0.1685557099486743,1,2.6890788551555658
SR-ATAD5,1,0.1781024109554513,1,0.18532293842414965
SR-ATAD5,2,0.17355500887484,1,0.9742378760234416
SR-ATAD5,3,0.17974408460915953,1,0.1603873144570661
SR-ATAD5,4,0.1869160335758364,1,0.003083293772194663
SR-ATAD5,5,0.17974764329919443,1,0.15957290600559562
SR-ATAD5,6,0.18387761310769057,1,0.0065543210288524015
SR-ATAD5,7,0.1637856800444582,1,26.477492430623958
SR-ATAD5,8,0.1761128555219808,1,0.19791101173983475
SR-ATAD5,9,0.16976449045794118,1,1.736288529065214
SR-ATAD5,10,0.18445853422848024,1,0.0032066435314612785
SR-ATAD5,11,0.18747717449387546,1,0.0011315272949637123
SR-ATAD5,12,0.18669981114748807,1,0.00105640543641902
SR-ATAD5,13,0.18670523356645702,1,0.017640165545886766
SR-ATAD5,14,0.18437924790323346,1,0.02362617753767818
SR-ATAD5,15,0.19026296828777126,1,0.0014814150035728977
SR-ATAD5,16,0.18741184246386403,1,0.0011389629092179833
SR-ATAD5,17,0.18178697656736562,1,0.02680438517828544
SR-ATAD5,18,0.15714388630563253,1,90.29455067988538
SR-ATAD5,19,0.18333364475938968,1,0.008461980709156899
SR-ATAD5,20,0.18055427794192713,1,0.05397963988073061
SR-ATAD5,21,0.1876433078887255,1,0.0011804266696678208
SR-ATAD5,22,0.18634521273249485,1,0.0024857187310559268
SR-ATAD5,23,0.1870305328586028,1,0.0010042042242138986
SR-ATAD5,24,0.1821317186354076,1,0.0078080676497706255
SR-ATAD5,25,0.1869577233955316,1,0.0028723958326222774
SR-ATAD5,26,0.18248341871724102,1,0.007488362531919836
SR-ATAD5,27,0.18912894070829345,1,0.0020815524584503575
SR-ATAD5,28,0.18006544352517656,1,0.05970137783979802
SR-ATAD5,29,0.17352005686437835,1,0.632744845760913
SR-ATAD5,30,0.18356351321122258,1,0.0141228940217342
SR-ATAD5,31,0.18958366226640788,1,0.0015868740504946038
SR-ATAD5,32,0.18696784298395117,1,0.0024403206216582563
SR-ATAD5,33,0.166389988226373,1,8.354285870049317
SR-ATAD5,34,0.18171923307460902,1,0.004893920810478565
SR-ATAD5,35,0.18756503990697346,1,0.0022970204863051254
SR-ATAD5,36,0.18094038205222965,1,0.048973087462324934
SR-ATAD5,37,0.19033189730813088,1,0.0019305728179736241
SR-ATAD5,38,0.18138197338822704,1,0.004449959260342925
SR-ATAD5,39,0.18330072636332373,1,0.011585767820493007
SR-ATAD5,40,0.18996144021088782,1,0.0019858669838581054
SR-ATAD5,41,0.1903381802938057,1,0.001935638651297529
SR-ATAD5,42,0.18165917777685875,1,0.004621737192895999
SR-ATAD5,43,0.18944811341619466,1,0.001778788315553658
SR-ATAD5,44,0.181777418913858,1,0.004566029184774362
SR-ATAD5,45,0.1895907178042574,1,0.0015715959201902394
SR-ATAD5,46,0.18318059145938267,1,0.0035299018296624683
SR-ATAD5,47,0.16807602932123022,1,4.263213929528718
SR-ATAD5,48,0.1831238846893892,1,0.012021567315199393
SR-ATAD5,49,0.17782132054834526,1,0.0877169276359761
SR-ARE,0,0.2984718664227535,1,2.6890788551555658
SR-ARE,1,0.3081283655336698,1,0.18532293842414965
SR-ARE,2,0.3027527582602875,1,0.9742378760234416
SR-ARE,3,0.3084806712602855,1,0.1603873144570661
SR-ARE,4,0.31065422410590215,1,0.003083293772194663
SR-ARE,5,0.3084572999888921,1,0.15957290600559562
SR-ARE,6,0.30715592940808545,1,0.0065543210288524015
SR-ARE,7,0.2703618210533424,1,26.477492430623958
SR-ARE,8,0.30787677396308666,1,0.19791101173983475
SR-ARE,9,0.29987912480268675,1,1.736288529065214
SR-ARE,10,0.3107568664615775,1,0.0032066435314612785
SR-ARE,11,0.31052082406944187,1,0.0011315272949637123
SR-ARE,12,0.3060853023829724,1,0.008264965037357148
SR-ARE,13,0.3107547022930619,1,0.01534787078543405
SR-ARE,14,0.30980085053052253,1,0.026117626533247607
SR-ARE,15,0.30992317145081894,1,0.028255487081700344
SR-ARE,16,0.3092990110590538,1,0.0321416927353476
SR-ARE,17,0.30726586652297705,1,0.0015154501963029112
SR-ARE,18,0.3065809419357918,1,0.010632361293741018
SR-ARE,19,0.2723407516930949,1,55.839488259045865
SR-ARE,20,0.30852335836508216,1,0.05397963988073061
SR-ARE,21,0.3094205796921135,1,0.0025524055523090993
SR-ARE,22,0.31182912553859915,1,0.004011290395803536
SR-ARE,23,0.31122819255176176,1,0.004436641001590283
SR-ARE,24,0.31169128697608317,1,0.0037459757814473677
SR-ARE,25,0.31134687872844047,1,0.004554636552095342
SR-ARE,26,0.30547041819184756,1,0.06877895962147668
SR-ARE,27,0.3105404188120754,1,0.0011217726448893332
SR-ARE,28,0.30524882055083585,1,0.555523841103452
SR-ARE,29,0.3092202840571362,1,0.013764795050280049
SR-ARE,30,0.3063774918307105,1,0.06744611911496183
SR-ARE,31,0.3082250809269588,1,0.004890261355613843
SR-ARE,32,0.3047642099655976,1,0.0022101222648908342
SR-ARE,33,0.2776720039995387,1,8.354285870049317
SR-ARE,34,0.3112367664910467,1,0.004456154552465307
SR-ARE,35,0.3077037080384722,1,0.006200830780715705
SR-ARE,36,0.3112013726350002,1,0.01619371595933278
SR-ARE,37,0.30611295398930266,1,0.001953012100015384
SR-ARE,38,0.30626152820557856,1,0.007877627773958028
SR-ARE,39,0.3125401592822064,1,0.00420626697671126
SR-ARE,40,0.30743842124144627,1,0.3447111628315795
SR-ARE,41,0.3117321833627941,1,0.003604467245640331
SR-ARE,42,0.3093449373101751,1,0.0024401344859511184
SR-ARE,43,0.3099897032527261,1,0.0010572902408932726
SR-ARE,44,0.30987175120829935,1,0.002918114585714106
SR-ARE,45,0.3054309602078703,1,0.008925267128196003
SR-ARE,46,0.3112095687792094,1,0.004449091787548509
SR-ARE,47,0.2840200672922498,1,5.240400772395439
SR-ARE,48,0.31052961891254505,1,0.019200460746583017
SR-ARE,49,0.3088379734554599,1,0.04132678958239474
SR-MMP,0,0.4549212650139488,1,2.6890788551555658
SR-MMP,1,0.47198524771912054,1,0.18532293842414965
SR-MMP,2,0.46019732566285476,1,0.9742378760234416
SR-MMP,3,0.4743551365945004,1,0.1603873144570661
SR-MMP,4,0.5571802256018779,1,0.003083293772194663
SR-MMP,5,0.47424389857123195,1,0.15957290600559562
SR-MMP,6,0.5434136237433561,1,0.0065543210288524015
SR-MMP,7,0.4350146543019699,1,26.477492430623958
SR-MMP,8,0.47078194203245993,1,0.19791101173983475
SR-MMP,9,0.45563131437722365,1,1.736288529065214
SR-MMP,10,0.5562705234963654,1,0.0032066435314612785
SR-MMP,11,0.5752241151937233,1,0.0011315272949637123
SR-MMP,12,0.5761592793688661,1,0.00105640543641902
SR-MMP,13,0.5218517293104357,1,0.017640165545886766
SR-MMP,14,0.5748484031441418,1,0.001170848241444973
SR-MMP,15,0.5139899042818192,1,0.02439875548938625
SR-MMP,16,0.5749729621427516,1,0.0011389629092179833
SR-MMP,17,0.5116086719995292,1,0.025962648646821032
SR-MMP,18,0.44507484724722857,1,11.42299791718422
SR-MMP,19,0.5401868983470459,1,0.008776479165280807
SR-MMP,20,0.4952286263154633,1,0.05397963988073061
SR-MMP,21,0.5759488611195407,1,0.0010735902473929463
SR-MMP,22,0.5582656351852042,1,0.002750722398524104
SR-MMP,23,0.5805780554212676,1,0.001009624218353141
SR-MMP,24,0.5414802564087425,1,0.007975566117450287
SR-MMP,25,0.5583416415631313,1,0.0028169590678167275
SR-MMP,26,0.576217462056307,1,0.0010519860636925757
SR-MMP,27,0.5012894768225782,1,0.04132814091753273
SR-MMP,28,0.5550716507014015,1,0.0035978892670213004
SR-MMP,29,0.4234935222060535,1,77.22573344301979
SR-MMP,30,0.4588165911326167,1,0.6752768747539589
SR-MMP,31,0.5760975677785342,1,0.0010980203872346694
SR-MMP,32,0.5652897268581064,1,0.0020179604292155763
SR-MMP,33,0.5442796285343746,1,0.006791813581146423
SR-MMP,34,0.535401312059806,1,0.010989237678027905
SR-MMP,35,0.5642104289545316,1,0.002090830311554349
SR-MMP,36,0.548683745994758,1,0.0048953500641671695
SR-MMP,37,0.4851851741735997,1,0.08918722273935188
SR-MMP,38,0.4465690653475974,1,6.665819690510155
SR-MMP,39,0.5655731251792976,1,0.0019642073969161006
SR-MMP,40,0.5287054725969038,1,0.01392150607842663
SR-MMP,41,0.5757638779759664,1,0.001114900742637727
SR-MMP,42,0.5511520585983882,1,0.0045396235241107604
SR-MMP,43,0.5682624014861208,1,0.00164734502830904
SR-MMP,44,0.5510125106969238,1,0.00458974970290559
SR-MMP,45,0.5702926337522347,1,0.0015623558471287216
SR-MMP,46,0.45979089170401294,1,0.45898672300143917
SR-MMP,47,0.5589457022019221,1,0.0026673201423256963
SR-MMP,48,0.575449298413485,1,0.0011509843264870278
SR-MMP,49,0.5805640716034428,1,0.0010120456500930422
