endpoint,model,metric,runs,mean,std,ci95_lower,ci95_upper
SR-ARE,logistic_regression,roc_auc,5,0.6606207225282021,0.014490483544809812,0.6426284107940478,0.6786130342623565
SR-ARE,logistic_regression,pr_auc,5,0.37342803768007765,0.009153720551583276,0.3620621924215588,0.3847938829385965
SR-ARE,logistic_regression,mcc,5,0.21016894922931048,0.0273904424487422,0.17615922294583508,0.24417867551278588
SR-ARE,logistic_regression,balanced_accuracy,5,0.6094424455258592,0.0130119468838243,0.5932859795336749,0.6255989115180436
SR-ARE,logistic_regression,sensitivity,5,0.43388758371428465,0.031164997415531793,0.39519112841930537,0.47258403900926393
SR-ARE,logistic_regression,specificity,5,0.784997307337434,0.030013784232290543,0.747730272006343,0.822264342668525
SR-ARE,logistic_regression,precision,5,0.38156126772550547,0.02595066037596625,0.34933926700705514,0.4137832684439558
SR-ARE,logistic_regression,f1,5,0.4053774725331401,0.021825568768742087,0.37827744955267256,0.43247749551360765
SR-ARE,logistic_regression,brier,5,0.2640679100462462,0.019803788357577352,0.2394782590145955,0.28865756107789686
SR-ARE,logistic_regression,ece,5,0.25838260152739867,0.021196048403693383,0.23206423132034817,0.28470097173444914
SR-ARE,logistic_regression,nll,5,2.0386215427118577,0.1098120857603627,1.902271829255551,2.1749712561681647
SR-ARE,logistic_regression,recall_at_precision_0.80,5,0.0,0.0,0.0,0.0
SR-ARE,logistic_regression,precision_at_recall_0.80,5,0.28660616756267,0.010559218755732805,0.2734951657845186,0.2997171693408214
SR-ARE,random_forest,roc_auc,5,0.75597985154345,0.006375110883712752,0.7480641058745869,0.7638955972123131
SR-ARE,random_forest,pr_auc,5,0.48531891371502667,0.019998613103392026,0.4604873558105387,0.5101504716195147
SR-ARE,random_forest,mcc,5,0.2551187460818682,0.05040206322578364,0.19253631873922267,0.3177011734245137
SR-ARE,random_forest,balanced_accuracy,5,0.5692152598512318,0.014544727101329712,0.5511555958458121,0.5872749238566515
SR-ARE,random_forest,sensitivity,5,0.1620194504058432,0.02487717426563568,0.13113035874316215,0.19290854206852426
SR-ARE,random_forest,specificity,5,0.9764110692966206,0.0074828936400123626,0.9671198296614293,0.9857023089318119
SR-ARE,random_forest,precision,5,0.678155684754522,0.08644061983011915,0.5708254791290445,0.7854858903799996
SR-ARE,random_forest,f1,5,0.26112281959700695,0.037280138562718786,0.21483341369563114,0.30741222549838276
SR-ARE,random_forest,brier,5,0.15241431205996342,0.0037832141179063817,0.14771683129226285,0.157111792827664
SR-ARE,random_forest,ece,5,0.036432280301644505,0.009524273877489784,0.02460633231893285,0.048258228284356164
SR-ARE,random_forest,nll,5,0.4715087487708908,0.006338132250533577,0.463638918139549,0.47937857940223255
SR-ARE,random_forest,recall_at_precision_0.80,5,0.06877198985157906,0.05132191812385778,0.005047411798423468,0.13249656790473466
SR-ARE,random_forest,precision_at_recall_0.80,5,0.3681583605090461,0.01751554477760533,0.3464099391497676,0.3899067818683246
SR-ATAD5,logistic_regression,roc_auc,5,0.6747056031785674,0.04406178176915771,0.6199956750590933,0.7294155312980416
SR-ATAD5,logistic_regression,pr_auc,5,0.12574903041323093,0.04050021944455712,0.07546136600957222,0.17603669481688966
SR-ATAD5,logistic_regression,mcc,5,0.09354200549000538,0.08297724566159072,-0.009487853118101477,0.19657186409811223
SR-ATAD5,logistic_regression,balanced_accuracy,5,0.5539734398870869,0.04759205297062862,0.49488010111285075,0.6130667786613231
SR-ATAD5,logistic_regression,sensitivity,5,0.17463976288189695,0.09339216671764385,0.05867807175435456,0.2906014540094393
SR-ATAD5,logistic_regression,specificity,5,0.9333071168922767,0.004480319580602119,0.9277440653685957,0.9388701684159578
SR-ATAD5,logistic_regression,precision,5,0.12962321260828724,0.06946272730477433,0.04337384489690321,0.21587258031967127
SR-ATAD5,logistic_regression,f1,5,0.1482279546505736,0.07912531883874126,0.049980894902114326,0.24647501439903285
SR-ATAD5,logistic_regression,brier,5,0.0919011844626286,0.005936234883969082,0.08453037532232288,0.09927199360293432
SR-ATAD5,logistic_regression,ece,5,0.09544208888369769,0.003520985925438146,0.09107020742189897,0.09981397034549641
SR-ATAD5,logistic_regression,nll,5,0.5802634028249316,0.04726864542824871,0.5215716275528162,0.638955178097047
SR-ATAD5,logistic_regression,recall_at_precision_0.80,5,0.00392156862745098,0.00876889402941094,-0.006966451392932544,0.014809588647834505
SR-ATAD5,logistic_regression,precision_at_recall_0.80,5,0.080182399505381,0.013857687116064136,0.06297580831499199,0.09738899069577002
SR-ATAD5,random_forest,roc_auc,5,0.7314406522392524,0.0412252672969544,0.680252722020297,0.7826285824582078
SR-ATAD5,random_forest,pr_auc,5,0.17026127140285394,0.03989940938559315,0.12071961121916946,0.2198029315865384
SR-ATAD5,random_forest,mcc,5,0.06461264753602405,0.07570271063822638,-0.029384682829898923,0.15860997790194703
SR-ATAD5,random_forest,balanced_accuracy,5,0.5123528411456545,0.013617376474503116,0.49544463502727704,0.5292610472640319
SR-ATAD5,random_forest,sensitivity,5,0.028076923076923076,0.028897390394248983,-0.00780392621765523,0.06395777237150138
SR-ATAD5,random_forest,specificity,5,0.9966287592143859,0.0020951138759259602,0.9940273317425115,0.9992301866862603
SR-ATAD5,random_forest,precision,5,0.215,0.22332711434127295,-0.06229723770029469,0.49229723770029465
SR-ATAD5,random_forest,f1,5,0.04957854406130269,0.05095756632880286,-0.013693631485252308,0.11285071960785768
SR-ATAD5,random_forest,brier,5,0.049183025950104625,0.004899239398204031,0.043099816770773194,0.055266235129436056
SR-ATAD5,random_forest,ece,5,0.01341787113903759,0.0038503763512916455,0.008636997444103576,0.018198744833971603
SR-ATAD5,random_forest,nll,5,0.19492843934682982,0.020892337506455458,0.16898717602674182,0.22086970266691783
SR-ATAD5,random_forest,recall_at_precision_0.80,5,0.0,0.0,0.0,0.0
SR-ATAD5,random_forest,precision_at_recall_0.80,5,0.08836065118888634,0.026482815070733814,0.05547789314446803,0.12124340923330465
SR-MMP,logistic_regression,roc_auc,5,0.7552813528499416,0.014289688170525857,0.7375383615030414,0.7730243441968417
SR-MMP,logistic_regression,pr_auc,5,0.5204594974869795,0.03558769039624373,0.4762715435427417,0.5646474514312173
SR-MMP,logistic_regression,mcc,5,0.3490703315169554,0.04997283957557543,0.287020855727951,0.41111980730595976
SR-MMP,logistic_regression,balanced_accuracy,5,0.678919846229376,0.02724071488969705,0.6450960312655059,0.7127436611932461
SR-MMP,logistic_regression,sensitivity,5,0.5437033498717672,0.0465793205532864,0.4858674844799587,0.6015392152635757
SR-MMP,logistic_regression,specificity,5,0.8141363425869846,0.012227851057892567,0.7989534601530016,0.8293192250209677
SR-MMP,logistic_regression,precision,5,0.5042060895038644,0.03902996881206412,0.4557439823789085,0.5526681966288202
SR-MMP,logistic_regression,f1,5,0.5226415991314843,0.0372492689867553,0.4763905228712222,0.5688926753917465
SR-MMP,logistic_regression,brier,5,0.22074427441669014,0.012538239648308207,0.2051759936445348,0.2363125551888455
SR-MMP,logistic_regression,ece,5,0.20797950456339948,0.015846256172134303,0.18830377876814608,0.22765523035865287
SR-MMP,logistic_regression,nll,5,1.43265962594065,0.0570788262914151,1.3617869022748734,1.5035323496064268
SR-MMP,logistic_regression,recall_at_precision_0.80,5,0.03807740324594257,0.059195648807244816,-0.03542370272832705,0.11157850922021219
SR-MMP,logistic_regression,precision_at_recall_0.80,5,0.385357850760501,0.02072111336310181,0.35962919029483853,0.41108651122616346
SR-MMP,random_forest,roc_auc,5,0.8246114978124117,0.0031063822751956705,0.8207544147766429,0.8284685808481805
SR-MMP,random_forest,pr_auc,5,0.6433806681969583,0.028033116878741365,0.6085729562111868,0.6781883801827298
SR-MMP,random_forest,mcc,5,0.4304971811407198,0.027170781386479347,0.39676020009006335,0.4642341621913762
SR-MMP,random_forest,balanced_accuracy,5,0.6848526900879615,0.019388903173162858,0.6607781870531864,0.7089271931227366
SR-MMP,random_forest,sensitivity,5,0.44412681013756095,0.04906955609844299,0.3831989089222842,0.5050547113528376
SR-MMP,random_forest,specificity,5,0.9255785700383617,0.013442043854316696,0.9088880681221805,0.942269071954543
SR-MMP,random_forest,precision,5,0.6758696986887067,0.038178861368931345,0.6284643810344921,0.7232750163429214
SR-MMP,random_forest,f1,5,0.5336040553791073,0.03272620501544388,0.49296910481359507,0.5742390059446194
SR-MMP,random_forest,brier,5,0.14107819825653822,0.0033910524837844087,0.13686765047140367,0.14528874604167277
SR-MMP,random_forest,ece,5,0.0487766351390434,0.008661511828649935,0.038021947731392704,0.0595313225466941
SR-MMP,random_forest,nll,5,0.4391385069726036,0.00628977667673882,0.4313287177163553,0.4469482962288519
SR-MMP,random_forest,recall_at_precision_0.80,5,0.2564313868391254,0.08081467644584411,0.15608671256983486,0.356776061108416
SR-MMP,random_forest,precision_at_recall_0.80,5,0.46375696354773555,0.028098527799026045,0.42886803317715716,0.49864589391831393
SR-p53,logistic_regression,roc_auc,5,0.6289531171762162,0.015552858442011569,0.6096416927796109,0.6482645415728214
SR-p53,logistic_regression,pr_auc,5,0.1727221091805645,0.018556691586538287,0.14968093331178917,0.19576328504933982
SR-p53,logistic_regression,mcc,5,0.13329896708688127,0.023318157280083088,0.10434565068774904,0.1622522834860135
SR-p53,logistic_regression,balanced_accuracy,5,0.5765361671167227,0.012833242251644597,0.5606015922326282,0.5924707420008173
SR-p53,logistic_regression,sensitivity,5,0.259548498110949,0.026611381031890462,0.226506104341168,0.29259089188072995
SR-p53,logistic_regression,specificity,5,0.8935238361224964,0.013157786443187184,0.8771862863999373,0.9098613858450555
SR-p53,logistic_regression,precision,5,0.19031220420658995,0.025440206860010396,0.15872401524165855,0.22190039317152135
SR-p53,logistic_regression,f1,5,0.21845917787170327,0.020674345140829532,0.19278858782389627,0.24412976791951027
SR-p53,logistic_regression,brier,5,0.14200260227676903,0.010716998409310556,0.12869569118312107,0.15530951337041699
SR-p53,logistic_regression,ece,5,0.14648604267658166,0.009975298024858472,0.13410007424776177,0.15887201110540156
SR-p53,logistic_regression,nll,5,0.9462942254085558,0.04241541144520267,0.8936285360480476,0.998959914769064
SR-p53,logistic_regression,recall_at_precision_0.80,5,0.0047619047619047615,0.010647942749998997,-0.008459262405703803,0.017983071929513324
SR-p53,logistic_regression,precision_at_recall_0.80,5,0.10511319662880418,0.01796101878042942,0.08281164623808325,0.1274147470195251
SR-p53,random_forest,roc_auc,5,0.755983449420823,0.021554935050121356,0.7292194625854668,0.7827474362561792
SR-p53,random_forest,pr_auc,5,0.2873049759835093,0.04431275951205708,0.2322834178363265,0.3423265341306921
SR-p53,random_forest,mcc,5,0.14642321485665105,0.05418479837164784,0.07914390146864586,0.21370252824465624
SR-p53,random_forest,balanced_accuracy,5,0.5287952611368494,0.0107349640264088,0.515466042783245,0.5421244794904537
SR-p53,random_forest,sensitivity,5,0.0650115338096485,0.019700783132908666,0.0405497806570958,0.08947328696220119
SR-p53,random_forest,specificity,5,0.9925789884640507,0.0020160042308701638,0.9900757885903527,0.9950821883377486
SR-p53,random_forest,precision,5,0.45606060606060606,0.13364289134060572,0.2901210392671181,0.622000172854094
SR-p53,random_forest,f1,5,0.11368027445430359,0.03416128901784024,0.07126343174861766,0.15609711715998953
SR-p53,random_forest,brier,5,0.07272520855829523,0.0064405266025268845,0.06472823854646398,0.08072217857012648
SR-p53,random_forest,ece,5,0.0322318979095501,0.010289225887277875,0.019456136555930953,0.04500765926316924
SR-p53,random_forest,nll,5,0.26385652730294773,0.015877629357980916,0.24414184655231963,0.28357120805357583
SR-p53,random_forest,recall_at_precision_0.80,5,0.010921582563373607,0.010549976204917402,-0.0021779430721787316,0.024021108198925945
SR-p53,random_forest,precision_at_recall_0.80,5,0.15931129539789768,0.022372331433924628,0.13153237690051103,0.18709021389528432
ames_mutagenicity,logistic_regression,roc_auc,5,0.6725612804550539,0.020933668670627747,0.6465686977164093,0.6985538631936985
ames_mutagenicity,logistic_regression,pr_auc,5,0.7338219733605291,0.01589009506174034,0.7140918143943307,0.7535521323267276
ames_mutagenicity,logistic_regression,mcc,5,0.25262027333341347,0.03399743086704852,0.21040688739437785,0.2948336592724491
ames_mutagenicity,logistic_regression,balanced_accuracy,5,0.6279504484189511,0.016937059589257546,0.6069203112915381,0.6489805855463641
ames_mutagenicity,logistic_regression,sensitivity,5,0.6678259830174771,0.03000369041727372,0.630571480813097,0.7050804852218572
ames_mutagenicity,logistic_regression,specificity,5,0.5880749138204251,0.032583750435056666,0.5476168439787589,0.6285329836620913
ames_mutagenicity,logistic_regression,precision,5,0.7143703962159268,0.01099460753258828,0.700718787868332,0.7280220045635216
ames_mutagenicity,logistic_regression,f1,5,0.6899977138405877,0.016923104463356334,0.6689849042905966,0.7110105233905788
ames_mutagenicity,logistic_regression,brier,5,0.33601925391625925,0.01701038493407839,0.3148980713480264,0.3571404364844921
ames_mutagenicity,logistic_regression,ece,5,0.3254700214016394,0.019463473428016704,0.3013029271660754,0.3496371156372034
ames_mutagenicity,logistic_regression,nll,5,2.9779096245984946,0.14662683859795372,2.795848357940981,3.159970891256008
ames_mutagenicity,logistic_regression,recall_at_precision_0.80,5,0.1670984489289217,0.15971404174237,-0.03121272671019268,0.36540962456803605
ames_mutagenicity,logistic_regression,precision_at_recall_0.80,5,0.6860013257694122,0.005595037538213926,0.6790541690896134,0.692948482449211
ames_mutagenicity,random_forest,roc_auc,5,0.8259348792095309,0.0168529838093672,0.8050091359511287,0.8468606224679331
ames_mutagenicity,random_forest,pr_auc,5,0.8755479663733725,0.01065931810384263,0.8623126748384294,0.8887832579083156
ames_mutagenicity,random_forest,mcc,5,0.5040705063940764,0.043657037293572,0.4498631349184088,0.5582778778697439
ames_mutagenicity,random_forest,balanced_accuracy,5,0.7513639778634407,0.019650400601640344,0.7269647828861022,0.7757631728407791
ames_mutagenicity,random_forest,sensitivity,5,0.8068205722211725,0.036597729529864544,0.7613784890479409,0.8522626553944042
ames_mutagenicity,random_forest,specificity,5,0.6959073835057087,0.015056577019379033,0.6772121738845636,0.7146025931268538
ames_mutagenicity,random_forest,precision,5,0.8033863693449073,0.008826593159866928,0.7924267063915089,0.8143460322983056
ames_mutagenicity,random_forest,f1,5,0.8048779648419548,0.022133266277883607,0.7773958849420493,0.8323600447418604
ames_mutagenicity,random_forest,brier,5,0.1671234464549022,0.0075829093377177475,0.1577080209286149,0.1765388719811895
ames_mutagenicity,random_forest,ece,5,0.05508496880488163,0.009714182489269668,0.04302321813597404,0.06714671947378922
ames_mutagenicity,random_forest,nll,5,0.5048980711024942,0.017738825172997654,0.48287241051475227,0.5269237316902361
ames_mutagenicity,random_forest,recall_at_precision_0.80,5,0.8106408667823235,0.04999481205465783,0.7485641085570912,0.8727176250075558
ames_mutagenicity,random_forest,precision_at_recall_0.80,5,0.8076135783143001,0.02361241882238466,0.7782948879520362,0.8369322686765641
herg_blockade,logistic_regression,roc_auc,5,0.7609035792371698,0.013694663655886258,0.7438994084081463,0.7779077500661933
herg_blockade,logistic_regression,pr_auc,5,0.7572051402556671,0.031860226405187646,0.7176454441537246,0.7967648363576096
herg_blockade,logistic_regression,mcc,5,0.39057888979849265,0.032360329698988805,0.3503982334412541,0.4307595461557312
herg_blockade,logistic_regression,balanced_accuracy,5,0.6953510379280392,0.016203239413040495,0.6752320588945905,0.7154700169614879
herg_blockade,logistic_regression,sensitivity,5,0.6916973763040779,0.014375462691671562,0.6738478818223079,0.7095468707858479
herg_blockade,logistic_regression,specificity,5,0.6990046995520005,0.02342450587105883,0.669919333936194,0.728090065167807
herg_blockade,logistic_regression,precision,5,0.7001467394896249,0.030610499186525458,0.6621387846826706,0.7381546942965792
herg_blockade,logistic_regression,f1,5,0.6957834706220531,0.021576326862239488,0.6689929223437335,0.7225740189003728
herg_blockade,logistic_regression,brier,5,0.24998802165270936,0.009553446386763923,0.23812585121549473,0.261850192089924
herg_blockade,logistic_regression,ece,5,0.2140596278804093,0.011191187706411528,0.20016393300821753,0.22795532275260108
herg_blockade,logistic_regression,nll,5,1.1714865913393993,0.050551537017517204,1.108718567770883,1.2342546149079154
herg_blockade,logistic_regression,recall_at_precision_0.80,5,0.42249193280977704,0.12352804636913423,0.2691116048647776,0.5758722607547765
herg_blockade,logistic_regression,precision_at_recall_0.80,5,0.6482563787498967,0.024596720902947258,0.6177155159308411,0.6787972415689524
herg_blockade,random_forest,roc_auc,5,0.8435170771460628,0.012627654289160796,0.8278377734334486,0.8591963808586771
herg_blockade,random_forest,pr_auc,5,0.8508047593239795,0.022325800978740803,0.8230836160176146,0.8785259026303444
herg_blockade,random_forest,mcc,5,0.5396550631601756,0.02979030149820756,0.5026655182942156,0.5766446080261357
herg_blockade,random_forest,balanced_accuracy,5,0.7695220792351918,0.015124544054081028,0.7507424773939926,0.788301681076391
herg_blockade,random_forest,sensitivity,5,0.7395783759971161,0.0194790229260421,0.7153919745096639,0.7637647774845683
herg_blockade,random_forest,specificity,5,0.7994657824732676,0.015946658423580187,0.7796653908170552,0.81926617412948
herg_blockade,random_forest,precision,5,0.7889560470612922,0.026542375372085054,0.7559993351349639,0.8219127589876205
herg_blockade,random_forest,f1,5,0.7633647274785884,0.020628899560388037,0.7377505655718931,0.7889788893852837
herg_blockade,random_forest,brier,5,0.16382400855122034,0.005877937170139882,0.15652558558335392,0.17112243151908677
herg_blockade,random_forest,ece,5,0.054119249450390226,0.013610512178845142,0.03721956648080431,0.07101893241997614
herg_blockade,random_forest,nll,5,0.49636095900926164,0.013777929791494685,0.47925339961738356,0.5134685184011397
herg_blockade,random_forest,recall_at_precision_0.80,5,0.7079210597644858,0.07066073721169802,0.6201841662821832,0.7956579532467885
herg_blockade,random_forest,precision_at_recall_0.80,5,0.7472722762946565,0.035940273073227065,0.7026465331340183,0.7918980194552948
