endpoint,model,split_strategy,partition,n,positive_prevalence,threshold,roc_auc,pr_auc,mcc,accuracy,balanced_accuracy,sensitivity,specificity,precision,f1,brier,ece,nll,recall_at_precision_0.80,precision_at_recall_0.80,tn,fp,fn,tp,family,best_epoch,best_validation_loss
herg_blockade,dummy,global_scaffold,test,1883,0.5071694105151354,0.5,0.5,0.5071694105151354,0.0,0.4928305894848646,0.5,0.0,1.0,0.0,0.0,0.2503548517820155,0.0201556996690759,0.6938570817127248,0.0,0.5071694105151354,928,0,955,0,qsar,,
herg_blockade,logistic_regression,global_scaffold,test,1883,0.5071694105151354,0.5,0.7409336071493049,0.7464676283856722,0.3582413702005012,0.6792352628783855,0.679062669254378,0.6910994764397905,0.6670258620689655,0.6811145510835913,0.6860706860706861,0.270122687809709,0.2404957376037428,1.46940451384707,0.2942408376963351,0.6293245469522241,619,309,295,660,qsar,,
herg_blockade,random_forest,global_scaffold,test,1883,0.5071694105151354,0.5,0.8279986233977252,0.8437683490802095,0.5051203565197835,0.7503983005841742,0.7512000135403503,0.6952879581151833,0.8071120689655172,0.7876631079478055,0.7385984427141268,0.1706278789310709,0.0449124845321159,0.5107722215190993,0.680628272251309,0.7233238904627006,749,179,291,664,qsar,,
herg_blockade,svm,global_scaffold,test,1883,0.5071694105151354,0.5,0.8280296533670338,0.841841417592686,0.4795648455494692,0.7392458842272969,0.7395959333814768,0.7151832460732984,0.7640086206896551,0.7572062084257206,0.7355950457727517,0.1714448755464296,0.0487101400321512,0.5111404882480464,0.6282722513089005,0.7117701575532901,709,219,272,683,qsar,,
herg_blockade,gradient_boosting,global_scaffold,test,1883,0.5071694105151354,0.5,0.8125829346452429,0.8318565477390609,0.4504267498535245,0.7243759957514604,0.7248448501534573,0.6921465968586388,0.7575431034482759,0.7460496613995485,0.7180879956545356,0.1773342451977593,0.0438467051425572,0.5288770538805474,0.5958115183246073,0.6970802919708029,703,225,294,661,qsar,,
herg_blockade,xgboost,global_scaffold,test,1883,0.5071694105151354,0.5,0.8135431711500272,0.8337108754584308,0.45210190256053,0.724907063197026,0.7254750406210507,0.6858638743455497,0.7650862068965517,0.7502863688430699,0.7166301969365426,0.1760586132527807,0.0343538395233503,0.5261843446030148,0.6167539267015707,0.6945454545454546,710,218,300,655,qsar,,
ames_mutagenicity,dummy,global_scaffold,test,1120,0.5473214285714286,0.5,0.5,0.5473214285714286,0.0,0.5473214285714286,0.5,1.0,0.0,0.5473214285714286,0.7074437391806117,0.2480333896828244,0.0165138513032332,0.6892101758922655,0.0,0.5473214285714286,0,507,0,613,qsar,,
ames_mutagenicity,logistic_regression,global_scaffold,test,1120,0.5473214285714286,0.5,0.7227879829209984,0.7321032936427239,0.3386042848710728,0.6714285714285714,0.6696525961176483,0.6884176182707994,0.650887573964497,0.7045075125208681,0.6963696369636964,0.2989081262174912,0.2915091361932834,2.6794863964377877,0.3148450244698205,0.6726027397260274,330,177,191,422,qsar,,
ames_mutagenicity,random_forest,global_scaffold,test,1120,0.5473214285714286,0.5,0.8654626420971004,0.8905249953426637,0.5634143385515324,0.7839285714285714,0.7812935381011676,0.8091353996737357,0.7534516765285996,0.7987117552334944,0.8038897893030794,0.1512991152870501,0.0446536769471569,0.46395025058581,0.802610114192496,0.8092105263157895,382,125,117,496,qsar,,
ames_mutagenicity,svm,global_scaffold,test,1120,0.5473214285714286,0.5,0.8652631511208496,0.8921380287014782,0.5718022551994112,0.7875,0.7862615069290938,0.799347471451876,0.7731755424063116,0.8099173553719008,0.8045977011494253,0.1483650011278285,0.0184873439406665,0.4553596147796815,0.8123980424143556,0.8049180327868852,392,115,123,490,qsar,,
ames_mutagenicity,gradient_boosting,global_scaffold,test,1120,0.5473214285714286,0.5,0.8535189242931747,0.8705881002995803,0.5478126530833942,0.7758928571428572,0.773952591934773,0.7944535073409462,0.7534516765285996,0.795751633986928,0.7951020408163265,0.1548515400752133,0.0294885041146699,0.4781984122755544,0.7814029363784666,0.7964458804523424,382,125,126,487,qsar,,
ames_mutagenicity,xgboost,global_scaffold,test,1120,0.5473214285714286,0.5,0.8549845394493405,0.8844778632405144,0.5248215832860699,0.7633928571428571,0.7632154727775258,0.765089722675367,0.7613412228796844,0.7949152542372881,0.7797173732335827,0.155246173332565,0.0246051967160643,0.4699453969601736,0.732463295269168,0.7893890675241158,386,121,144,469,qsar,,
SR-p53,dummy,global_scaffold,test,986,0.0851926977687626,0.5,0.5,0.0851926977687626,0.0,0.9148073022312372,0.5,0.0,1.0,0.0,0.0,0.0787921715936027,0.029279166278428,0.2983271263537753,0.0,0.0851926977687626,902,0,84,0,qsar,,
SR-p53,logistic_regression,global_scaffold,test,986,0.0851926977687626,0.5,0.6381387921022068,0.1699476357307606,0.1724763555307346,0.859026369168357,0.5936675113504382,0.2738095238095238,0.9135254988913526,0.2277227722772277,0.2486486486486486,0.123146037205553,0.1238809643657138,0.9536400872801032,0.0,0.0998531571218795,824,78,61,23,qsar,,
SR-p53,random_forest,global_scaffold,test,986,0.0851926977687626,0.5,0.7628616302396791,0.3361845813202994,0.0948319428077105,0.9148073022312372,0.510796114454651,0.0238095238095238,0.9977827050997784,0.5,0.0454545454545454,0.0686273451101087,0.0165321115391908,0.2678852716274486,0.0119047619047619,0.128060263653484,900,2,82,2,qsar,,
SR-p53,svm,global_scaffold,test,986,0.0851926977687626,0.5,0.786539172209904,0.3331423909171807,0.2770934473658945,0.920892494929006,0.5627045718509134,0.1309523809523809,0.9944567627494456,0.6875,0.22,0.0677202641884757,0.0222468122137885,0.2457826217751533,0.0119047619047619,0.1552511415525114,897,5,73,11,qsar,,
SR-p53,gradient_boosting,global_scaffold,test,986,0.0851926977687626,0.5,0.7316677225213811,0.2755438922107917,0.2386719255165059,0.9178498985801216,0.5556435434484215,0.119047619047619,0.992239467849224,0.5882352941176471,0.198019801980198,0.0732478337550748,0.0518832186139656,0.3181772735598476,0.0119047619047619,0.1379310344827586,895,7,74,10,qsar,,
SR-p53,xgboost,global_scaffold,test,986,0.0851926977687626,0.5,0.7812071059022279,0.3548350712164161,0.2397385336482136,0.9188640973630832,0.5507998099461514,0.1071428571428571,0.9944567627494456,0.6428571428571429,0.1836734693877551,0.0662616723282181,0.0271577218830354,0.2492709766087448,0.0,0.1319702602230483,897,5,75,9,qsar,,
SR-ATAD5,dummy,global_scaffold,test,1027,0.0642648490749756,0.5,0.5,0.0642648490749756,0.0,0.9357351509250244,0.5,0.0,1.0,0.0,0.0,0.0612072308974591,0.0327467960129369,0.2521434277241524,0.0,0.0642648490749756,961,0,66,0,qsar,,
SR-ATAD5,logistic_regression,global_scaffold,test,1027,0.0642648490749756,0.5,0.6950698451739035,0.1407534250428012,0.1275715850125138,0.8958130477117819,0.5633336486614322,0.1818181818181818,0.9448491155046826,0.1846153846153846,0.183206106870229,0.0908157887266166,0.0886766787196667,0.6148071485076153,0.0,0.0981481481481481,908,53,54,12,qsar,,
SR-ATAD5,random_forest,global_scaffold,test,1027,0.0642648490749756,0.5,0.7992778986535491,0.2230724989808757,0.132963887619628,0.9367088607594936,0.5146312237883518,0.0303030303030303,0.9989594172736732,0.6666666666666666,0.0579710144927536,0.0567226742010202,0.0324028695558853,0.2324575113324808,0.0,0.1428571428571428,960,1,64,2,qsar,,
SR-ATAD5,svm,global_scaffold,test,1027,0.0642648490749756,0.5,0.7986787752656639,0.2652412515815122,0.1528081362171832,0.9367088607594936,0.521686690000946,0.0454545454545454,0.9979188345473464,0.6,0.0845070422535211,0.0571375762106506,0.0358391028386629,0.2185768684587443,0.0151515151515151,0.1215596330275229,959,2,63,3,qsar,,
SR-ATAD5,gradient_boosting,global_scaffold,test,1027,0.0642648490749756,0.5,0.7144073408381422,0.2005719455828842,0.0748101104448508,0.9328140214216164,0.5125500583356983,0.0303030303030303,0.9947970863683664,0.2857142857142857,0.0547945205479452,0.0597071811267635,0.0506522967787463,0.3291695813723927,0.0,0.0871710526315789,956,5,64,2,qsar,,
SR-ATAD5,xgboost,global_scaffold,test,1027,0.0642648490749756,0.5,0.8188755399993694,0.2614719545094638,-0.011576128502124,0.9337877312560856,0.4989594172736732,0.0,0.9979188345473464,0.0,0.0,0.0570490177234692,0.0401916071099701,0.2222078731845747,0.0,0.1597633136094674,959,2,66,0,qsar,,
SR-ARE,dummy,global_scaffold,test,847,0.2054309327036599,0.5,0.5,0.2054309327036599,0.0,0.79456906729634,0.5,0.0,1.0,0.0,0.0,0.1663244620601552,0.0556362963180595,0.5189491403954424,0.0,0.2054309327036599,673,0,174,0,qsar,,
SR-ARE,logistic_regression,global_scaffold,test,847,0.2054309327036599,0.5,0.6421538487814044,0.3046884687892838,0.1678902856952184,0.69185360094451,0.59303000802719,0.425287356321839,0.7607726597325408,0.3148936170212766,0.3618581907090464,0.2753489903873413,0.2739215129203346,2.276899913041184,0.0,0.2410865874363327,512,161,100,74,qsar,,
SR-ARE,random_forest,global_scaffold,test,847,0.2054309327036599,0.5,0.7883896090587692,0.5261149249858019,0.2384256144455203,0.8087367178276269,0.5579195914672679,0.132183908045977,0.9836552748885586,0.6764705882352942,0.2211538461538461,0.1334353068260066,0.0392235684479857,0.4244520901628223,0.0977011494252873,0.3529411764705882,662,11,151,23,qsar,,
SR-ARE,svm,global_scaffold,test,847,0.2054309327036599,0.5,0.8146444979590444,0.565105493617134,0.3271276064082939,0.8217237308146399,0.5980512715410496,0.2183908045977011,0.9777117384843982,0.7169811320754716,0.3348017621145374,0.1267799218563167,0.0386747910082491,0.4007341298196813,0.1379310344827586,0.3825136612021858,658,15,136,38,qsar,,
SR-ARE,gradient_boosting,global_scaffold,test,847,0.2054309327036599,0.5,0.7445645676418848,0.4788512788636447,0.3122018883140944,0.8158205430932703,0.6049896671278031,0.2471264367816092,0.962852897473997,0.6323529411764706,0.3553719008264462,0.1415015160797111,0.0692714034588736,0.4782352724192786,0.1206896551724138,0.3032258064516129,648,25,131,43,qsar,,
SR-ARE,xgboost,global_scaffold,test,847,0.2054309327036599,0.5,0.7883341018940753,0.5435344705237399,0.3418528556760596,0.8252656434474617,0.5938882341889976,0.2011494252873563,0.986627043090639,0.7954545454545454,0.3211009174311927,0.1312151736744113,0.0605273727121968,0.4204804350266689,0.293103448275862,0.3560606060606061,664,9,139,35,qsar,,
SR-MMP,dummy,global_scaffold,test,842,0.2209026128266033,0.5,0.5,0.2209026128266033,0.0,0.7790973871733967,0.5,0.0,1.0,0.0,0.0,0.1779710879398504,0.0765926854658284,0.5490415311294253,0.0,0.2209026128266033,656,0,186,0,qsar,,
SR-MMP,logistic_regression,global_scaffold,test,842,0.2209026128266033,0.5,0.7557369525308156,0.4825059830777394,0.3607028061034491,0.7790973871733967,0.6810418305795961,0.5053763440860215,0.8567073170731707,0.5,0.5026737967914439,0.1966707467646955,0.1890165113930314,1.4808104650995453,0.0,0.3256302521008403,562,94,92,94,qsar,,
SR-MMP,random_forest,global_scaffold,test,842,0.2209026128266033,0.5,0.8574408274324679,0.6596974135016606,0.3985681766584442,0.8242280285035629,0.6156323760818254,0.2419354838709677,0.989329268292683,0.8653846153846154,0.3781512605042016,0.1240402323470326,0.0647412092222077,0.3951670988929562,0.3548387096774194,0.4745222929936306,649,7,141,45,qsar,,
SR-MMP,svm,global_scaffold,test,842,0.2209026128266033,0.5,0.8814950498295305,0.675059412113527,0.494753881126439,0.8456057007125891,0.6929091266719118,0.4193548387096774,0.9664634146341464,0.78,0.5454545454545454,0.1144995854087904,0.0520382866914211,0.3597697188990044,0.3225806451612903,0.5457875457875457,634,22,108,78,qsar,,
SR-MMP,gradient_boosting,global_scaffold,test,842,0.2209026128266033,0.5,0.8453030750065564,0.6130118472986151,0.4055735737463698,0.8206650831353919,0.66149521374246,0.3763440860215054,0.9466463414634146,0.6666666666666666,0.4810996563573883,0.1309551336634915,0.0817746756983894,0.4348616297231676,0.2258064516129032,0.4837662337662338,621,35,116,70,qsar,,
SR-MMP,xgboost,global_scaffold,test,842,0.2209026128266033,0.5,0.8758810319958039,0.6630160099637246,0.4594173859345327,0.83729216152019,0.6702399685287175,0.3709677419354839,0.9695121951219512,0.7752808988764045,0.5018181818181818,0.1168502792674135,0.0593069515243834,0.3694189272868899,0.2311827956989247,0.5302491103202847,636,20,117,69,qsar,,
SR-ARE,fingerprint_mlp,,,847,0.2054309327036599,0.5,0.763893870301105,0.5014589365111585,0.3447479430421121,0.7119244391971665,0.705799217775956,0.6954022988505747,0.7161961367013373,0.3878205128205128,0.4979423868312757,0.2008818312918399,0.2017354718777829,0.6058862525285396,0.1149425287356321,0.3160270880361174,482,191,53,121,single_task_mlp,,
SR-ATAD5,fingerprint_mlp,,,1027,0.0642648490749756,0.5,0.7273279096900326,0.175134029159986,0.1673934540298623,0.6504381694255112,0.6650506101598713,0.6818181818181818,0.6482830385015609,0.1174934725848564,0.2004454342984409,0.2174297926110631,0.3789226002470334,0.6272057098850629,0.0,0.1016635859519408,623,338,21,45,single_task_mlp,,
SR-MMP,fingerprint_mlp,,,842,0.2209026128266033,0.5,0.8401562090217677,0.6352215163004525,0.4871324098925483,0.8087885985748219,0.7598019931812221,0.6720430107526881,0.8475609756097561,0.5555555555555556,0.6082725060827251,0.1434500523406962,0.1208609028349104,0.4634860823037932,0.3010752688172043,0.436950146627566,556,100,61,125,single_task_mlp,,
SR-p53,fingerprint_mlp,,,986,0.0851926977687626,0.5,0.7622479146869391,0.3187448427255981,0.2786892038320165,0.8620689655172413,0.6655052264808362,0.4285714285714285,0.902439024390244,0.2903225806451613,0.3461538461538461,0.1368604360882461,0.251770210518496,0.4467080320803882,0.0238095238095238,0.1379310344827586,814,88,48,36,single_task_mlp,,
ames_mutagenicity,fingerprint_mlp,,,1120,0.5473214285714286,0.5,0.8526533908639569,0.8790324615631269,0.5154582962972493,0.7482142857142857,0.7566821433053081,0.66721044045677,0.8461538461538461,0.839835728952772,0.7436363636363637,0.1674500029142822,0.096773605717213,0.5067568782373915,0.766721044045677,0.777602523659306,429,78,204,409,single_task_mlp,,
herg_blockade,fingerprint_mlp,,,1883,0.5071694105151354,0.5,0.8071481765661672,0.8217543464460686,0.4199925025648517,0.7073818374933617,0.7060344827586207,0.8,0.6120689655172413,0.6797153024911032,0.7349687349687349,0.188668381440957,0.0838735220484946,0.5623290707749411,0.6335078534031413,0.6797153024911032,568,360,191,764,single_task_mlp,,
herg_blockade,GIN,,,1883,0.5071694105151354,0.5,0.7918340404405129,0.7851003441764124,0.4310223029981038,0.7153478491768455,0.7148018595414335,0.7528795811518325,0.6767241379310345,0.7055937193326791,0.7284701114488349,0.1889269680724679,0.0477761492413847,0.5837392053781799,0.5099476439790576,0.6806049822064056,628,300,236,719,single_task_gnn,39.0,0.5565629348610387
ames_mutagenicity,GIN,,,1120,0.5473214285714286,0.5,0.8625378469775508,0.8707311165033076,0.5981425047489144,0.8,0.7998976804347616,0.800978792822186,0.7988165680473372,0.8279932546374368,0.814262023217247,0.1479730284994028,0.0374764477777976,0.4709000545894571,0.8401305057096248,0.8282828282828283,405,102,122,491,single_task_gnn,21.0,0.4939040972126854
SR-p53,GIN,,,986,0.0851926977687626,0.5,0.7852391510928096,0.3224966875870875,0.1827684745444751,0.5010141987829615,0.662496040544821,0.8571428571428571,0.4678492239467849,0.1304347826086956,0.2264150943396226,0.28787926246927,0.4325929705119568,0.7882158941887552,0.0,0.1597222222222222,422,480,12,72,single_task_gnn,12.0,1.2836022056066072
SR-ATAD5,GIN,,,1027,0.0642648490749756,0.5,0.7662630467000914,0.1442570231634857,0.2160882539034537,0.5287244401168452,0.7199571153785513,0.9393939393939394,0.5005202913631633,0.1143911439114391,0.2039473684210526,0.2787642174925626,0.4204710745155108,0.7689975998407665,0.0,0.1432432432432432,481,480,4,62,single_task_gnn,16.0,1.4388669591683607
SR-ARE,GIN,,,847,0.2054309327036599,0.5,0.7224214787108675,0.4012951269797462,0.2344001759897052,0.5596221959858324,0.6440496319448002,0.7873563218390804,0.5007429420505201,0.2896405919661733,0.4234930448222566,0.2373841528870547,0.29113415785688,0.6663654669957553,0.0057471264367816,0.2782101167315175,337,336,37,137,single_task_gnn,14.0,1.0510252768343145
SR-MMP,GIN,,,842,0.2209026128266033,0.5,0.871025111460792,0.6412103744364723,0.4559831712808466,0.7399049881235155,0.7695220298977183,0.8225806451612904,0.7164634146341463,0.4513274336283185,0.5828571428571429,0.1725594211384574,0.2064254030640918,0.5483412501725081,0.043010752688172,0.4790996784565916,470,186,33,153,single_task_gnn,26.0,0.8113611503080889
herg_blockade,multitask_fingerprint_mlp,,,1883,0.5071694105151354,0.5,0.7959063007763136,0.8243616758103592,0.4255820202382394,0.7089750398300584,0.710149056688933,0.6282722513089005,0.7920258620689655,0.7566204287515763,0.6864988558352403,0.1830797418914322,0.0439563862874557,0.540304484762289,0.5895287958115183,0.675198587819947,735,193,355,600,multitask_mlp,,
ames_mutagenicity,multitask_fingerprint_mlp,,,1120,0.5473214285714286,0.5,0.8238494679704368,0.856216835448409,0.4893616992149046,0.74375,0.7457825355303082,0.7243066884176182,0.7672583826429981,0.7900355871886121,0.7557446808510638,0.1753896619637293,0.061942423821061,0.5287970969913697,0.7047308319738989,0.7484756097560976,389,118,169,444,multitask_mlp,,
SR-p53,multitask_fingerprint_mlp,,,986,0.0851926977687626,0.5,0.7527452222574175,0.3023867195243253,0.1496873842601444,0.4645030425963489,0.6317442719881745,0.8333333333333334,0.4301552106430155,0.1198630136986301,0.2095808383233532,0.3272522189908627,0.4762283088091542,0.8933967650206781,0.0119047619047619,0.1254612546125461,388,514,14,70,multitask_mlp,,
SR-ATAD5,multitask_fingerprint_mlp,,,1027,0.0642648490749756,0.5,0.7974489956800052,0.2154507163723479,0.1844643976141473,0.4780915287244401,0.6858464982814618,0.9242424242424242,0.4474505723204995,0.1030405405405405,0.1854103343465045,0.3139287171998496,0.4785204798385806,0.8598424638235177,0.0,0.1606060606060606,430,531,5,61,multitask_mlp,,
SR-ARE,multitask_fingerprint_mlp,,,847,0.2054309327036599,0.5,0.7690261481443528,0.5015383133717874,0.304201341422155,0.5631641086186541,0.6846296391180339,0.8908045977011494,0.4784546805349183,0.3063241106719367,0.4558823529411764,0.269027312848047,0.3615477442776579,0.7403162796154852,0.1264367816091954,0.3598971722365038,322,351,19,155,multitask_mlp,,
SR-MMP,multitask_fingerprint_mlp,,,842,0.2209026128266033,0.5,0.839541535536323,0.6120717218768364,0.3837629680061765,0.6199524940617577,0.7291338840807763,0.9247311827956988,0.5335365853658537,0.3598326359832636,0.5180722891566265,0.2437490212534826,0.3316663757957642,0.6909597357110173,0.1881720430107527,0.4658385093167702,350,306,14,172,multitask_mlp,,
herg_blockade,multitask_gnn,,,1883,0.5071694105151354,0.5,0.682100785340314,0.686883580231765,0.2649231086004257,0.6287838555496548,0.6267196244809532,0.7706806282722513,0.4827586206896552,0.6052631578947368,0.6780285582680792,0.2274259098206223,0.0549690346317627,0.6472505151775398,0.2115183246073298,0.5899613899613899,448,480,219,736,multitask_gnn,,
ames_mutagenicity,multitask_gnn,,,1120,0.5473214285714286,0.5,0.7328976707819725,0.7551015824431535,0.3254246294874965,0.66875,0.6571441901470763,0.7797716150081566,0.534516765285996,0.6694677871148459,0.720422004521477,0.2071796549498045,0.0326502965929518,0.6004964692929184,0.3588907014681892,0.6587926509186351,271,236,135,478,multitask_gnn,,
SR-p53,multitask_gnn,,,986,0.0851926977687626,0.5,0.8144335339457291,0.3157638905803059,0.2372602847413902,0.552738336713996,0.7123587794319501,0.9047619047619048,0.5199556541019955,0.1493123772102161,0.2563237774030354,0.2249121969941409,0.3430628084961814,0.6170717145938033,0.0,0.1915492957746478,469,433,8,76,multitask_gnn,,
SR-ATAD5,multitask_gnn,,,1027,0.0642648490749756,0.5,0.8645508151231356,0.2421175081795145,0.2515659484407932,0.5832521908471275,0.7561488979282944,0.9545454545454546,0.5577523413111343,0.1290983606557377,0.2274368231046931,0.2289590998994158,0.35946732018045,0.6295580893267477,0.0,0.1932203389830508,536,425,3,63,multitask_gnn,,
SR-ARE,multitask_gnn,,,847,0.2054309327036599,0.5,0.7729671568376288,0.4923752019071488,0.291302152234729,0.5655253837072018,0.677593038547591,0.867816091954023,0.487369985141159,0.3044354838709677,0.4507462686567164,0.2490332643371116,0.3250961387277071,0.6951368373445471,0.1034482758620689,0.349009900990099,328,345,23,151,multitask_gnn,,
SR-MMP,multitask_gnn,,,842,0.2209026128266033,0.5,0.8184500393391031,0.5440562578596297,0.3644567905813485,0.6377672209026128,0.7193810647783897,0.8655913978494624,0.573170731707317,0.365079365079365,0.5135566188197768,0.2306444957061908,0.2906900685515051,0.6649336057117703,0.0,0.3994638069705093,376,280,25,161,multitask_gnn,,
