endpoint,fingerprint_bit,coefficient,absolute_coefficient,association_direction
herg_blockade,1791,1.2133068697963125,1.2133068697963125,positive
herg_blockade,350,-0.9741876165395154,0.9741876165395154,negative
herg_blockade,1243,0.885893075958347,0.885893075958347,positive
herg_blockade,1160,0.8813642049919942,0.8813642049919942,positive
herg_blockade,1199,0.854838505220761,0.854838505220761,positive
herg_blockade,1917,-0.8205696937201937,0.8205696937201937,negative
herg_blockade,1756,-0.8169842011355201,0.8169842011355201,negative
herg_blockade,1164,-0.7715167251170431,0.7715167251170431,negative
herg_blockade,389,-0.7543332422114339,0.7543332422114339,negative
herg_blockade,881,0.7307492516250587,0.7307492516250587,positive
herg_blockade,1737,-0.7284364744499996,0.7284364744499996,negative
herg_blockade,1431,-0.7236508287732514,0.7236508287732514,negative
herg_blockade,1921,-0.6777411498191591,0.6777411498191591,negative
herg_blockade,1866,-0.6742008157189046,0.6742008157189046,negative
herg_blockade,1171,-0.6462497156042118,0.6462497156042118,negative
herg_blockade,1163,-0.6454490970187027,0.6454490970187027,negative
herg_blockade,883,-0.6317176656496749,0.6317176656496749,negative
herg_blockade,1771,-0.6312182156270522,0.6312182156270522,negative
herg_blockade,314,-0.618780914832025,0.618780914832025,negative
herg_blockade,1586,-0.6152579875392573,0.6152579875392573,negative
herg_blockade,1714,-0.610363333786048,0.610363333786048,negative
herg_blockade,1844,-0.5993541663120766,0.5993541663120766,negative
herg_blockade,441,-0.5992389628392496,0.5992389628392496,negative
herg_blockade,409,-0.5868062378383702,0.5868062378383702,negative
herg_blockade,1569,-0.5797119869474664,0.5797119869474664,negative
herg_blockade,1325,0.5754859019148452,0.5754859019148452,positive
herg_blockade,1357,0.5733322255310545,0.5733322255310545,positive
herg_blockade,338,0.572105458904867,0.572105458904867,positive
herg_blockade,407,0.5670018701777035,0.5670018701777035,positive
herg_blockade,1149,0.5660620476157487,0.5660620476157487,positive
